STRUCTURE,STRUCTURE_ID,STRUCTURE_NAME,freq,Time frequency,sex,Sex,age,Age class,unit,Unit of measure,isced11,International Standard Classification of Education (ISCED 2011),geo,Geopolitical entity (reporting),TIME_PERIOD,Time,OBS_VALUE,Observation value,OBS_FLAG,Observation status (Flag) V2 structure,CONF_STATUS,Confidentiality status (flag)
dataflow,ESTAT:EDAT_LFSE_03(1.0),Population in private households by educational attainment level,A,Annual,T,Total,Y25-64,From 25 to 64 years,PC,Percentage,ED5-8,Tertiary education (levels 5-8),AT,Austria,2013,,20.6,,,,,
dataflow,ESTAT:EDAT_LFSE_03(1.0),Population in private households by educational attainment level,A,Annual,T,Total,Y25-64,From 25 to 64 years,PC,Percentage,ED5-8,Tertiary education (levels 5-8),AT,Austria,2014,,29.9,,b,break in time series,,
dataflow,ESTAT:EDAT_LFSE_03(1.0),Population in private households by educational attainment level,A,Annual,T,Total,Y25-64,From 25 to 64 years,PC,Percentage,ED5-8,Tertiary education (levels 5-8),AT,Austria,2015,,30.6,,,,,
dataflow,ESTAT:EDAT_LFSE_03(1.0),Population in private households by educational attainment level,A,Annual,T,Total,Y25-64,From 25 to 64 years,PC,Percentage,ED5-8,Tertiary education (levels 5-8),AT,Austria,2016,,31.4,,,,,
dataflow,ESTAT:EDAT_LFSE_03(1.0),Population in private households by educational attainment level,A,Annual,T,Total,Y25-64,From 25 to 64 years,PC,Percentage,ED5-8,Tertiary education (levels 5-8),AT,Austria,2017,,32.4,,,,,
dataflow,ESTAT:EDAT_LFSE_03(1.0),Population in private households by educational attainment level,A,Annual,T,Total,Y25-64,From 25 to 64 years,PC,Percentage,ED5-8,Tertiary education (levels 5-8),AT,Austria,2018,,32.7,,,,,
dataflow,ESTAT:EDAT_LFSE_03(1.0),Population in private households by educational attainment level,A,Annual,T,Total,Y25-64,From 25 to 64 years,PC,Percentage,ED5-8,Tertiary education (levels 5-8),AT,Austria,2019,,33.8,,,,,
dataflow,ESTAT:EDAT_LFSE_03(1.0),Population in private households by educational attainment level,A,Annual,T,Total,Y25-64,From 25 to 64 years,PC,Percentage,ED5-8,Tertiary education (levels 5-8),AT,Austria,2020,,34.2,,,,,
dataflow,ESTAT:EDAT_LFSE_03(1.0),Population in private households by educational attainment level,A,Annual,T,Total,Y25-64,From 25 to 64 years,PC,Percentage,ED5-8,Tertiary education (levels 5-8),AT,Austria,2021,,34.6,,b,break in time series,,
dataflow,ESTAT:EDAT_LFSE_03(1.0),Population in private households by educational attainment level,A,Annual,T,Total,Y25-64,From 25 to 64 years,PC,Percentage,ED5-8,Tertiary education (levels 5-8),AT,Austria,2022,,35.6,,,,,
dataflow,ESTAT:EDAT_LFSE_03(1.0),Population in private households by educational attainment level,A,Annual,T,Total,Y25-64,From 25 to 64 years,PC,Percentage,ED5-8,Tertiary education (levels 5-8),AT,Austria,2023,,36.6,,,,,
dataflow,ESTAT:EDAT_LFSE_03(1.0),Population in private households by educational attainment level,A,Annual,T,Total,Y25-64,From 25 to 64 years,PC,Percentage,ED5-8,Tertiary education (levels 5-8),BA,Bosnia and Herzegovina,2021,,16.0,,b,break in time series,,
dataflow,ESTAT:EDAT_LFSE_03(1.0),Population in private households by educational attainment level,A,Annual,T,Total,Y25-64,From 25 to 64 years,PC,Percentage,ED5-8,Tertiary education (levels 5-8),BA,Bosnia and Herzegovina,2022,,16.4,,,,,
dataflow,ESTAT:EDAT_LFSE_03(1.0),Population in private households by educational attainment level,A,Annual,T,Total,Y25-64,From 25 to 64 years,PC,Percentage,ED5-8,Tertiary education (levels 5-8),BA,Bosnia and Herzegovina,2023,,16.9,,,,,
dataflow,ESTAT:EDAT_LFSE_03(1.0),Population in private households by educational attainment level,A,Annual,T,Total,Y25-64,From 25 to 64 years,PC,Percentage,ED5-8,Tertiary education (levels 5-8),BE,Belgium,2013,,35.5,,,,,
dataflow,ESTAT:EDAT_LFSE_03(1.0),Population in private households by educational attainment level,A,Annual,T,Total,Y25-64,From 25 to 64 years,PC,Percentage,ED5-8,Tertiary education (levels 5-8),BE,Belgium,2014,,36.9,,b,break in time series,,
dataflow,ESTAT:EDAT_LFSE_03(1.0),Population in private households by educational attainment level,A,Annual,T,Total,Y25-64,From 25 to 64 years,PC,Percentage,ED5-8,Tertiary education (levels 5-8),BE,Belgium,2015,,36.9,,,,,
dataflow,ESTAT:EDAT_LFSE_03(1.0),Population in private households by educational attainment level,A,Annual,T,Total,Y25-64,From 25 to 64 years,PC,Percentage,ED5-8,Tertiary education (levels 5-8),BE,Belgium,2016,,37.5,,,,,
dataflow,ESTAT:EDAT_LFSE_03(1.0),Population in private households by educational attainment level,A,Annual,T,Total,Y25-64,From 25 to 64 years,PC,Percentage,ED5-8,Tertiary education (levels 5-8),BE,Belgium,2017,,40.3,,b,break in time series,,
dataflow,ESTAT:EDAT_LFSE_03(1.0),Population in private households by educational attainment level,A,Annual,T,Total,Y25-64,From 25 to 64 years,PC,Percentage,ED5-8,Tertiary education (levels 5-8),BE,Belgium,2018,,40.6,,,,,
dataflow,ESTAT:EDAT_LFSE_03(1.0),Population in private households by educational attainment level,A,Annual,T,Total,Y25-64,From 25 to 64 years,PC,Percentage,ED5-8,Tertiary education (levels 5-8),BE,Belgium,2019,,40.7,,,,,
dataflow,ESTAT:EDAT_LFSE_03(1.0),Population in private households by educational attainment level,A,Annual,T,Total,Y25-64,From 25 to 64 years,PC,Percentage,ED5-8,Tertiary education (levels 5-8),BE,Belgium,2020,,42.4,,,,,
dataflow,ESTAT:EDAT_LFSE_03(1.0),Population in private households by educational attainment level,A,Annual,T,Total,Y25-64,From 25 to 64 years,PC,Percentage,ED5-8,Tertiary education (levels 5-8),BE,Belgium,2021,,44.9,,b,break in time series,,
dataflow,ESTAT:EDAT_LFSE_03(1.0),Population in private households by educational attainment level,A,Annual,T,Total,Y25-64,From 25 to 64 years,PC,Percentage,ED5-8,Tertiary education (levels 5-8),BE,Belgium,2022,,45.8,,,,,
dataflow,ESTAT:EDAT_LFSE_03(1.0),Population in private households by educational attainment level,A,Annual,T,Total,Y25-64,From 25 to 64 years,PC,Percentage,ED5-8,Tertiary education (levels 5-8),BE,Belgium,2023,,44.8,,,,,
dataflow,ESTAT:EDAT_LFSE_03(1.0),Population in private households by educational attainment level,A,Annual,T,Total,Y25-64,From 25 to 64 years,PC,Percentage,ED5-8,Tertiary education (levels 5-8),BG,Bulgaria,2013,,25.6,,,,,
dataflow,ESTAT:EDAT_LFSE_03(1.0),Population in private households by educational attainment level,A,Annual,T,Total,Y25-64,From 25 to 64 years,PC,Percentage,ED5-8,Tertiary education (levels 5-8),BG,Bulgaria,2014,,27.0,,b,break in time series,,
dataflow,ESTAT:EDAT_LFSE_03(1.0),Population in private households by educational attainment level,A,Annual,T,Total,Y25-64,From 25 to 64 years,PC,Percentage,ED5-8,Tertiary education (levels 5-8),BG,Bulgaria,2015,,27.5,,,,,
dataflow,ESTAT:EDAT_LFSE_03(1.0),Population in private households by educational attainment level,A,Annual,T,Total,Y25-64,From 25 to 64 years,PC,Percentage,ED5-8,Tertiary education (levels 5-8),BG,Bulgaria,2016,,27.7,,,,,
dataflow,ESTAT:EDAT_LFSE_03(1.0),Population in private households by educational attainment level,A,Annual,T,Total,Y25-64,From 25 to 64 years,PC,Percentage,ED5-8,Tertiary education (levels 5-8),BG,Bulgaria,2017,,27.8,,,,,
dataflow,ESTAT:EDAT_LFSE_03(1.0),Population in private households by educational attainment level,A,Annual,T,Total,Y25-64,From 25 to 64 years,PC,Percentage,ED5-8,Tertiary education (levels 5-8),BG,Bulgaria,2018,,28.2,,,,,
dataflow,ESTAT:EDAT_LFSE_03(1.0),Population in private households by educational attainment level,A,Annual,T,Total,Y25-64,From 25 to 64 years,PC,Percentage,ED5-8,Tertiary education (levels 5-8),BG,Bulgaria,2019,,27.9,,b,break in time series,,
dataflow,ESTAT:EDAT_LFSE_03(1.0),Population in private households by educational attainment level,A,Annual,T,Total,Y25-64,From 25 to 64 years,PC,Percentage,ED5-8,Tertiary education (levels 5-8),BG,Bulgaria,2020,,29.2,,,,,
dataflow,ESTAT:EDAT_LFSE_03(1.0),Population in private households by educational attainment level,A,Annual,T,Total,Y25-64,From 25 to 64 years,PC,Percentage,ED5-8,Tertiary education (levels 5-8),BG,Bulgaria,2021,,29.7,,b,break in time series,,
dataflow,ESTAT:EDAT_LFSE_03(1.0),Population in private households by educational attainment level,A,Annual,T,Total,Y25-64,From 25 to 64 years,PC,Percentage,ED5-8,Tertiary education (levels 5-8),BG,Bulgaria,2022,,29.9,,,,,
dataflow,ESTAT:EDAT_LFSE_03(1.0),Population in private households by educational attainment level,A,Annual,T,Total,Y25-64,From 25 to 64 years,PC,Percentage,ED5-8,Tertiary education (levels 5-8),BG,Bulgaria,2023,,30.5,,,,,
dataflow,ESTAT:EDAT_LFSE_03(1.0),Population in private households by educational attainment level,A,Annual,T,Total,Y25-64,From 25 to 64 years,PC,Percentage,ED5-8,Tertiary education (levels 5-8),CH,Switzerland,2013,,37.4,,,,,
dataflow,ESTAT:EDAT_LFSE_03(1.0),Population in private households by educational attainment level,A,Annual,T,Total,Y25-64,From 25 to 64 years,PC,Percentage,ED5-8,Tertiary education (levels 5-8),CH,Switzerland,2014,,38.4,,b,break in time series,,
dataflow,ESTAT:EDAT_LFSE_03(1.0),Population in private households by educational attainment level,A,Annual,T,Total,Y25-64,From 25 to 64 years,PC,Percentage,ED5-8,Tertiary education (levels 5-8),CH,Switzerland,2015,,39.8,,,,,
dataflow,ESTAT:EDAT_LFSE_03(1.0),Population in private households by educational attainment level,A,Annual,T,Total,Y25-64,From 25 to 64 years,PC,Percentage,ED5-8,Tertiary education (levels 5-8),CH,Switzerland,2016,,41.2,,,,,
dataflow,ESTAT:EDAT_LFSE_03(1.0),Population in private households by educational attainment level,A,Annual,T,Total,Y25-64,From 25 to 64 years,PC,Percentage,ED5-8,Tertiary education (levels 5-8),CH,Switzerland,2017,,42.6,,,,,
dataflow,ESTAT:EDAT_LFSE_03(1.0),Population in private households by educational attainment level,A,Annual,T,Total,Y25-64,From 25 to 64 years,PC,Percentage,ED5-8,Tertiary education (levels 5-8),CH,Switzerland,2018,,43.7,,,,,
dataflow,ESTAT:EDAT_LFSE_03(1.0),Population in private households by educational attainment level,A,Annual,T,Total,Y25-64,From 25 to 64 years,PC,Percentage,ED5-8,Tertiary education (levels 5-8),CH,Switzerland,2019,,44.4,,,,,
dataflow,ESTAT:EDAT_LFSE_03(1.0),Population in private households by educational attainment level,A,Annual,T,Total,Y25-64,From 25 to 64 years,PC,Percentage,ED5-8,Tertiary education (levels 5-8),CH,Switzerland,2020,,45.3,,,,,
dataflow,ESTAT:EDAT_LFSE_03(1.0),Population in private households by educational attainment level,A,Annual,T,Total,Y25-64,From 25 to 64 years,PC,Percentage,ED5-8,Tertiary education (levels 5-8),CH,Switzerland,2021,,44.9,,b,break in time series,,
dataflow,ESTAT:EDAT_LFSE_03(1.0),Population in private households by educational attainment level,A,Annual,T,Total,Y25-64,From 25 to 64 years,PC,Percentage,ED5-8,Tertiary education (levels 5-8),CH,Switzerland,2022,,44.6,,,,,
dataflow,ESTAT:EDAT_LFSE_03(1.0),Population in private households by educational attainment level,A,Annual,T,Total,Y25-64,From 25 to 64 years,PC,Percentage,ED5-8,Tertiary education (levels 5-8),CH,Switzerland,2023,,46.0,,,,,
dataflow,ESTAT:EDAT_LFSE_03(1.0),Population in private households by educational attainment level,A,Annual,T,Total,Y25-64,From 25 to 64 years,PC,Percentage,ED5-8,Tertiary education (levels 5-8),CY,Cyprus,2013,,39.3,,,,,
dataflow,ESTAT:EDAT_LFSE_03(1.0),Population in private households by educational attainment level,A,Annual,T,Total,Y25-64,From 25 to 64 years,PC,Percentage,ED5-8,Tertiary education (levels 5-8),CY,Cyprus,2014,,40.3,,b,break in time series,,
dataflow,ESTAT:EDAT_LFSE_03(1.0),Population in private households by educational attainment level,A,Annual,T,Total,Y25-64,From 25 to 64 years,PC,Percentage,ED5-8,Tertiary education (levels 5-8),CY,Cyprus,2015,,40.5,,,,,
dataflow,ESTAT:EDAT_LFSE_03(1.0),Population in private households by educational attainment level,A,Annual,T,Total,Y25-64,From 25 to 64 years,PC,Percentage,ED5-8,Tertiary education (levels 5-8),CY,Cyprus,2016,,41.9,,,,,
dataflow,ESTAT:EDAT_LFSE_03(1.0),Population in private households by educational attainment level,A,Annual,T,Total,Y25-64,From 25 to 64 years,PC,Percentage,ED5-8,Tertiary education (levels 5-8),CY,Cyprus,2017,,42.5,,,,,
dataflow,ESTAT:EDAT_LFSE_03(1.0),Population in private households by educational attainment level,A,Annual,T,Total,Y25-64,From 25 to 64 years,PC,Percentage,ED5-8,Tertiary education (levels 5-8),CY,Cyprus,2018,,44.1,,,,,
dataflow,ESTAT:EDAT_LFSE_03(1.0),Population in private households by educational attainment level,A,Annual,T,Total,Y25-64,From 25 to 64 years,PC,Percentage,ED5-8,Tertiary education (levels 5-8),CY,Cyprus,2019,,44.6,,,,,
dataflow,ESTAT:EDAT_LFSE_03(1.0),Population in private households by educational attainment level,A,Annual,T,Total,Y25-64,From 25 to 64 years,PC,Percentage,ED5-8,Tertiary education (levels 5-8),CY,Cyprus,2020,,45.0,,,,,
dataflow,ESTAT:EDAT_LFSE_03(1.0),Population in private households by educational attainment level,A,Annual,T,Total,Y25-64,From 25 to 64 years,PC,Percentage,ED5-8,Tertiary education (levels 5-8),CY,Cyprus,2021,,47.0,,b,break in time series,,
dataflow,ESTAT:EDAT_LFSE_03(1.0),Population in private households by educational attainment level,A,Annual,T,Total,Y25-64,From 25 to 64 years,PC,Percentage,ED5-8,Tertiary education (levels 5-8),CY,Cyprus,2022,,48.0,,,,,
dataflow,ESTAT:EDAT_LFSE_03(1.0),Population in private households by educational attainment level,A,Annual,T,Total,Y25-64,From 25 to 64 years,PC,Percentage,ED5-8,Tertiary education (levels 5-8),CY,Cyprus,2023,,50.7,,,,,
dataflow,ESTAT:EDAT_LFSE_03(1.0),Population in private households by educational attainment level,A,Annual,T,Total,Y25-64,From 25 to 64 years,PC,Percentage,ED5-8,Tertiary education (levels 5-8),CZ,Czechia,2013,,20.5,,,,,
dataflow,ESTAT:EDAT_LFSE_03(1.0),Population in private households by educational attainment level,A,Annual,T,Total,Y25-64,From 25 to 64 years,PC,Percentage,ED5-8,Tertiary education (levels 5-8),CZ,Czechia,2014,,21.5,,b,break in time series,,
dataflow,ESTAT:EDAT_LFSE_03(1.0),Population in private households by educational attainment level,A,Annual,T,Total,Y25-64,From 25 to 64 years,PC,Percentage,ED5-8,Tertiary education (levels 5-8),CZ,Czechia,2015,,22.2,,,,,
dataflow,ESTAT:EDAT_LFSE_03(1.0),Population in private households by educational attainment level,A,Annual,T,Total,Y25-64,From 25 to 64 years,PC,Percentage,ED5-8,Tertiary education (levels 5-8),CZ,Czechia,2016,,23.0,,,,,
dataflow,ESTAT:EDAT_LFSE_03(1.0),Population in private households by educational attainment level,A,Annual,T,Total,Y25-64,From 25 to 64 years,PC,Percentage,ED5-8,Tertiary education (levels 5-8),CZ,Czechia,2017,,23.9,,,,,
dataflow,ESTAT:EDAT_LFSE_03(1.0),Population in private households by educational attainment level,A,Annual,T,Total,Y25-64,From 25 to 64 years,PC,Percentage,ED5-8,Tertiary education (levels 5-8),CZ,Czechia,2018,,24.3,,,,,
dataflow,ESTAT:EDAT_LFSE_03(1.0),Population in private households by educational attainment level,A,Annual,T,Total,Y25-64,From 25 to 64 years,PC,Percentage,ED5-8,Tertiary education (levels 5-8),CZ,Czechia,2019,,24.2,,,,,
dataflow,ESTAT:EDAT_LFSE_03(1.0),Population in private households by educational attainment level,A,Annual,T,Total,Y25-64,From 25 to 64 years,PC,Percentage,ED5-8,Tertiary education (levels 5-8),CZ,Czechia,2020,,24.9,,,,,
dataflow,ESTAT:EDAT_LFSE_03(1.0),Population in private households by educational attainment level,A,Annual,T,Total,Y25-64,From 25 to 64 years,PC,Percentage,ED5-8,Tertiary education (levels 5-8),CZ,Czechia,2021,,26.4,,b,break in time series,,
dataflow,ESTAT:EDAT_LFSE_03(1.0),Population in private households by educational attainment level,A,Annual,T,Total,Y25-64,From 25 to 64 years,PC,Percentage,ED5-8,Tertiary education (levels 5-8),CZ,Czechia,2022,,26.7,,,,,
dataflow,ESTAT:EDAT_LFSE_03(1.0),Population in private households by educational attainment level,A,Annual,T,Total,Y25-64,From 25 to 64 years,PC,Percentage,ED5-8,Tertiary education (levels 5-8),CZ,Czechia,2023,,27.0,,,,,
dataflow,ESTAT:EDAT_LFSE_03(1.0),Population in private households by educational attainment level,A,Annual,T,Total,Y25-64,From 25 to 64 years,PC,Percentage,ED5-8,Tertiary education (levels 5-8),DE,Germany,2013,,28.6,,,,,
dataflow,ESTAT:EDAT_LFSE_03(1.0),Population in private households by educational attainment level,A,Annual,T,Total,Y25-64,From 25 to 64 years,PC,Percentage,ED5-8,Tertiary education (levels 5-8),DE,Germany,2014,,27.1,,b,break in time series,,
dataflow,ESTAT:EDAT_LFSE_03(1.0),Population in private households by educational attainment level,A,Annual,T,Total,Y25-64,From 25 to 64 years,PC,Percentage,ED5-8,Tertiary education (levels 5-8),DE,Germany,2015,,27.6,,,,,
dataflow,ESTAT:EDAT_LFSE_03(1.0),Population in private households by educational attainment level,A,Annual,T,Total,Y25-64,From 25 to 64 years,PC,Percentage,ED5-8,Tertiary education (levels 5-8),DE,Germany,2016,,28.3,,,,,
dataflow,ESTAT:EDAT_LFSE_03(1.0),Population in private households by educational attainment level,A,Annual,T,Total,Y25-64,From 25 to 64 years,PC,Percentage,ED5-8,Tertiary education (levels 5-8),DE,Germany,2017,,28.6,,,,,
dataflow,ESTAT:EDAT_LFSE_03(1.0),Population in private households by educational attainment level,A,Annual,T,Total,Y25-64,From 25 to 64 years,PC,Percentage,ED5-8,Tertiary education (levels 5-8),DE,Germany,2018,,29.1,,,,,
dataflow,ESTAT:EDAT_LFSE_03(1.0),Population in private households by educational attainment level,A,Annual,T,Total,Y25-64,From 25 to 64 years,PC,Percentage,ED5-8,Tertiary education (levels 5-8),DE,Germany,2019,,29.9,,,,,
dataflow,ESTAT:EDAT_LFSE_03(1.0),Population in private households by educational attainment level,A,Annual,T,Total,Y25-64,From 25 to 64 years,PC,Percentage,ED5-8,Tertiary education (levels 5-8),DE,Germany,2020,,31.2,,b,break in time series,,
dataflow,ESTAT:EDAT_LFSE_03(1.0),Population in private households by educational attainment level,A,Annual,T,Total,Y25-64,From 25 to 64 years,PC,Percentage,ED5-8,Tertiary education (levels 5-8),DE,Germany,2021,,32.2,,b,break in time series,,
dataflow,ESTAT:EDAT_LFSE_03(1.0),Population in private households by educational attainment level,A,Annual,T,Total,Y25-64,From 25 to 64 years,PC,Percentage,ED5-8,Tertiary education (levels 5-8),DE,Germany,2022,,32.1,,,,,
dataflow,ESTAT:EDAT_LFSE_03(1.0),Population in private households by educational attainment level,A,Annual,T,Total,Y25-64,From 25 to 64 years,PC,Percentage,ED5-8,Tertiary education (levels 5-8),DE,Germany,2023,,33.0,,,,,
dataflow,ESTAT:EDAT_LFSE_03(1.0),Population in private households by educational attainment level,A,Annual,T,Total,Y25-64,From 25 to 64 years,PC,Percentage,ED5-8,Tertiary education (levels 5-8),DK,Denmark,2013,,35.2,,,,,
dataflow,ESTAT:EDAT_LFSE_03(1.0),Population in private households by educational attainment level,A,Annual,T,Total,Y25-64,From 25 to 64 years,PC,Percentage,ED5-8,Tertiary education (levels 5-8),DK,Denmark,2014,,35.7,,b,break in time series,,
dataflow,ESTAT:EDAT_LFSE_03(1.0),Population in private households by educational attainment level,A,Annual,T,Total,Y25-64,From 25 to 64 years,PC,Percentage,ED5-8,Tertiary education (levels 5-8),DK,Denmark,2015,,36.6,,,,,
dataflow,ESTAT:EDAT_LFSE_03(1.0),Population in private households by educational attainment level,A,Annual,T,Total,Y25-64,From 25 to 64 years,PC,Percentage,ED5-8,Tertiary education (levels 5-8),DK,Denmark,2016,,37.8,,b,break in time series,,
dataflow,ESTAT:EDAT_LFSE_03(1.0),Population in private households by educational attainment level,A,Annual,T,Total,Y25-64,From 25 to 64 years,PC,Percentage,ED5-8,Tertiary education (levels 5-8),DK,Denmark,2017,,38.9,,b,break in time series,,
dataflow,ESTAT:EDAT_LFSE_03(1.0),Population in private households by educational attainment level,A,Annual,T,Total,Y25-64,From 25 to 64 years,PC,Percentage,ED5-8,Tertiary education (levels 5-8),DK,Denmark,2018,,39.4,,,,,
dataflow,ESTAT:EDAT_LFSE_03(1.0),Population in private households by educational attainment level,A,Annual,T,Total,Y25-64,From 25 to 64 years,PC,Percentage,ED5-8,Tertiary education (levels 5-8),DK,Denmark,2019,,40.4,,,,,
dataflow,ESTAT:EDAT_LFSE_03(1.0),Population in private households by educational attainment level,A,Annual,T,Total,Y25-64,From 25 to 64 years,PC,Percentage,ED5-8,Tertiary education (levels 5-8),DK,Denmark,2020,,40.6,,,,,
dataflow,ESTAT:EDAT_LFSE_03(1.0),Population in private households by educational attainment level,A,Annual,T,Total,Y25-64,From 25 to 64 years,PC,Percentage,ED5-8,Tertiary education (levels 5-8),DK,Denmark,2021,,41.9,,b,break in time series,,
dataflow,ESTAT:EDAT_LFSE_03(1.0),Population in private households by educational attainment level,A,Annual,T,Total,Y25-64,From 25 to 64 years,PC,Percentage,ED5-8,Tertiary education (levels 5-8),DK,Denmark,2022,,42.1,,,,,
dataflow,ESTAT:EDAT_LFSE_03(1.0),Population in private households by educational attainment level,A,Annual,T,Total,Y25-64,From 25 to 64 years,PC,Percentage,ED5-8,Tertiary education (levels 5-8),DK,Denmark,2023,,42.9,,,,,
dataflow,ESTAT:EDAT_LFSE_03(1.0),Population in private households by educational attainment level,A,Annual,T,Total,Y25-64,From 25 to 64 years,PC,Percentage,ED5-8,Tertiary education (levels 5-8),EE,Estonia,2013,,37.4,,,,,
dataflow,ESTAT:EDAT_LFSE_03(1.0),Population in private households by educational attainment level,A,Annual,T,Total,Y25-64,From 25 to 64 years,PC,Percentage,ED5-8,Tertiary education (levels 5-8),EE,Estonia,2014,,37.6,,b,break in time series,,
dataflow,ESTAT:EDAT_LFSE_03(1.0),Population in private households by educational attainment level,A,Annual,T,Total,Y25-64,From 25 to 64 years,PC,Percentage,ED5-8,Tertiary education (levels 5-8),EE,Estonia,2015,,36.7,,,,,
dataflow,ESTAT:EDAT_LFSE_03(1.0),Population in private households by educational attainment level,A,Annual,T,Total,Y25-64,From 25 to 64 years,PC,Percentage,ED5-8,Tertiary education (levels 5-8),EE,Estonia,2016,,37.7,,,,,
dataflow,ESTAT:EDAT_LFSE_03(1.0),Population in private households by educational attainment level,A,Annual,T,Total,Y25-64,From 25 to 64 years,PC,Percentage,ED5-8,Tertiary education (levels 5-8),EE,Estonia,2017,,38.4,,,,,
dataflow,ESTAT:EDAT_LFSE_03(1.0),Population in private households by educational attainment level,A,Annual,T,Total,Y25-64,From 25 to 64 years,PC,Percentage,ED5-8,Tertiary education (levels 5-8),EE,Estonia,2018,,39.1,,,,,
dataflow,ESTAT:EDAT_LFSE_03(1.0),Population in private households by educational attainment level,A,Annual,T,Total,Y25-64,From 25 to 64 years,PC,Percentage,ED5-8,Tertiary education (levels 5-8),EE,Estonia,2019,,39.5,,,,,
dataflow,ESTAT:EDAT_LFSE_03(1.0),Population in private households by educational attainment level,A,Annual,T,Total,Y25-64,From 25 to 64 years,PC,Percentage,ED5-8,Tertiary education (levels 5-8),EE,Estonia,2020,,40.1,,,,,
dataflow,ESTAT:EDAT_LFSE_03(1.0),Population in private households by educational attainment level,A,Annual,T,Total,Y25-64,From 25 to 64 years,PC,Percentage,ED5-8,Tertiary education (levels 5-8),EE,Estonia,2021,,41.2,,b,break in time series,,
dataflow,ESTAT:EDAT_LFSE_03(1.0),Population in private households by educational attainment level,A,Annual,T,Total,Y25-64,From 25 to 64 years,PC,Percentage,ED5-8,Tertiary education (levels 5-8),EE,Estonia,2022,,42.1,,,,,
dataflow,ESTAT:EDAT_LFSE_03(1.0),Population in private households by educational attainment level,A,Annual,T,Total,Y25-64,From 25 to 64 years,PC,Percentage,ED5-8,Tertiary education (levels 5-8),EE,Estonia,2023,,41.6,,,,,
dataflow,ESTAT:EDAT_LFSE_03(1.0),Population in private households by educational attainment level,A,Annual,T,Total,Y25-64,From 25 to 64 years,PC,Percentage,ED5-8,Tertiary education (levels 5-8),EL,Greece,2013,,27.4,,,,,
dataflow,ESTAT:EDAT_LFSE_03(1.0),Population in private households by educational attainment level,A,Annual,T,Total,Y25-64,From 25 to 64 years,PC,Percentage,ED5-8,Tertiary education (levels 5-8),EL,Greece,2014,,28.1,,b,break in time series,,
dataflow,ESTAT:EDAT_LFSE_03(1.0),Population in private households by educational attainment level,A,Annual,T,Total,Y25-64,From 25 to 64 years,PC,Percentage,ED5-8,Tertiary education (levels 5-8),EL,Greece,2015,,29.1,,,,,
dataflow,ESTAT:EDAT_LFSE_03(1.0),Population in private households by educational attainment level,A,Annual,T,Total,Y25-64,From 25 to 64 years,PC,Percentage,ED5-8,Tertiary education (levels 5-8),EL,Greece,2016,,30.2,,,,,
dataflow,ESTAT:EDAT_LFSE_03(1.0),Population in private households by educational attainment level,A,Annual,T,Total,Y25-64,From 25 to 64 years,PC,Percentage,ED5-8,Tertiary education (levels 5-8),EL,Greece,2017,,31.0,,,,,
dataflow,ESTAT:EDAT_LFSE_03(1.0),Population in private households by educational attainment level,A,Annual,T,Total,Y25-64,From 25 to 64 years,PC,Percentage,ED5-8,Tertiary education (levels 5-8),EL,Greece,2018,,31.7,,,,,
dataflow,ESTAT:EDAT_LFSE_03(1.0),Population in private households by educational attainment level,A,Annual,T,Total,Y25-64,From 25 to 64 years,PC,Percentage,ED5-8,Tertiary education (levels 5-8),EL,Greece,2019,,31.9,,,,,
dataflow,ESTAT:EDAT_LFSE_03(1.0),Population in private households by educational attainment level,A,Annual,T,Total,Y25-64,From 25 to 64 years,PC,Percentage,ED5-8,Tertiary education (levels 5-8),EL,Greece,2020,,32.7,,,,,
dataflow,ESTAT:EDAT_LFSE_03(1.0),Population in private households by educational attainment level,A,Annual,T,Total,Y25-64,From 25 to 64 years,PC,Percentage,ED5-8,Tertiary education (levels 5-8),EL,Greece,2021,,34.6,,b,break in time series,,
dataflow,ESTAT:EDAT_LFSE_03(1.0),Population in private households by educational attainment level,A,Annual,T,Total,Y25-64,From 25 to 64 years,PC,Percentage,ED5-8,Tertiary education (levels 5-8),EL,Greece,2022,,35.1,,,,,
dataflow,ESTAT:EDAT_LFSE_03(1.0),Population in private households by educational attainment level,A,Annual,T,Total,Y25-64,From 25 to 64 years,PC,Percentage,ED5-8,Tertiary education (levels 5-8),EL,Greece,2023,,34.3,,,,,
dataflow,ESTAT:EDAT_LFSE_03(1.0),Population in private households by educational attainment level,A,Annual,T,Total,Y25-64,From 25 to 64 years,PC,Percentage,ED5-8,Tertiary education (levels 5-8),ES,Spain,2013,,33.7,,,,,
dataflow,ESTAT:EDAT_LFSE_03(1.0),Population in private households by educational attainment level,A,Annual,T,Total,Y25-64,From 25 to 64 years,PC,Percentage,ED5-8,Tertiary education (levels 5-8),ES,Spain,2014,,34.7,,b,break in time series,,
dataflow,ESTAT:EDAT_LFSE_03(1.0),Population in private households by educational attainment level,A,Annual,T,Total,Y25-64,From 25 to 64 years,PC,Percentage,ED5-8,Tertiary education (levels 5-8),ES,Spain,2015,,35.1,,,,,
dataflow,ESTAT:EDAT_LFSE_03(1.0),Population in private households by educational attainment level,A,Annual,T,Total,Y25-64,From 25 to 64 years,PC,Percentage,ED5-8,Tertiary education (levels 5-8),ES,Spain,2016,,35.7,,,,,
dataflow,ESTAT:EDAT_LFSE_03(1.0),Population in private households by educational attainment level,A,Annual,T,Total,Y25-64,From 25 to 64 years,PC,Percentage,ED5-8,Tertiary education (levels 5-8),ES,Spain,2017,,36.4,,,,,
dataflow,ESTAT:EDAT_LFSE_03(1.0),Population in private households by educational attainment level,A,Annual,T,Total,Y25-64,From 25 to 64 years,PC,Percentage,ED5-8,Tertiary education (levels 5-8),ES,Spain,2018,,37.3,,,,,
dataflow,ESTAT:EDAT_LFSE_03(1.0),Population in private households by educational attainment level,A,Annual,T,Total,Y25-64,From 25 to 64 years,PC,Percentage,ED5-8,Tertiary education (levels 5-8),ES,Spain,2019,,38.6,,,,,
dataflow,ESTAT:EDAT_LFSE_03(1.0),Population in private households by educational attainment level,A,Annual,T,Total,Y25-64,From 25 to 64 years,PC,Percentage,ED5-8,Tertiary education (levels 5-8),ES,Spain,2020,,39.7,,,,,
dataflow,ESTAT:EDAT_LFSE_03(1.0),Population in private households by educational attainment level,A,Annual,T,Total,Y25-64,From 25 to 64 years,PC,Percentage,ED5-8,Tertiary education (levels 5-8),ES,Spain,2021,,40.4,,b,break in time series,,
dataflow,ESTAT:EDAT_LFSE_03(1.0),Population in private households by educational attainment level,A,Annual,T,Total,Y25-64,From 25 to 64 years,PC,Percentage,ED5-8,Tertiary education (levels 5-8),ES,Spain,2022,,40.7,,,,,
dataflow,ESTAT:EDAT_LFSE_03(1.0),Population in private households by educational attainment level,A,Annual,T,Total,Y25-64,From 25 to 64 years,PC,Percentage,ED5-8,Tertiary education (levels 5-8),ES,Spain,2023,,41.4,,,,,
dataflow,ESTAT:EDAT_LFSE_03(1.0),Population in private households by educational attainment level,A,Annual,T,Total,Y25-64,From 25 to 64 years,PC,Percentage,ED5-8,Tertiary education (levels 5-8),FI,Finland,2013,,40.5,,,,,
dataflow,ESTAT:EDAT_LFSE_03(1.0),Population in private households by educational attainment level,A,Annual,T,Total,Y25-64,From 25 to 64 years,PC,Percentage,ED5-8,Tertiary education (levels 5-8),FI,Finland,2014,,41.8,,b,break in time series,,
dataflow,ESTAT:EDAT_LFSE_03(1.0),Population in private households by educational attainment level,A,Annual,T,Total,Y25-64,From 25 to 64 years,PC,Percentage,ED5-8,Tertiary education (levels 5-8),FI,Finland,2015,,42.7,,,,,
dataflow,ESTAT:EDAT_LFSE_03(1.0),Population in private households by educational attainment level,A,Annual,T,Total,Y25-64,From 25 to 64 years,PC,Percentage,ED5-8,Tertiary education (levels 5-8),FI,Finland,2016,,43.1,,,,,
dataflow,ESTAT:EDAT_LFSE_03(1.0),Population in private households by educational attainment level,A,Annual,T,Total,Y25-64,From 25 to 64 years,PC,Percentage,ED5-8,Tertiary education (levels 5-8),FI,Finland,2017,,43.7,,,,,
dataflow,ESTAT:EDAT_LFSE_03(1.0),Population in private households by educational attainment level,A,Annual,T,Total,Y25-64,From 25 to 64 years,PC,Percentage,ED5-8,Tertiary education (levels 5-8),FI,Finland,2018,,44.5,,,,,
dataflow,ESTAT:EDAT_LFSE_03(1.0),Population in private households by educational attainment level,A,Annual,T,Total,Y25-64,From 25 to 64 years,PC,Percentage,ED5-8,Tertiary education (levels 5-8),FI,Finland,2019,,46.0,,,,,
dataflow,ESTAT:EDAT_LFSE_03(1.0),Population in private households by educational attainment level,A,Annual,T,Total,Y25-64,From 25 to 64 years,PC,Percentage,ED5-8,Tertiary education (levels 5-8),FI,Finland,2020,,47.5,,,,,
dataflow,ESTAT:EDAT_LFSE_03(1.0),Population in private households by educational attainment level,A,Annual,T,Total,Y25-64,From 25 to 64 years,PC,Percentage,ED5-8,Tertiary education (levels 5-8),FI,Finland,2021,,42.3,,b,break in time series,,
dataflow,ESTAT:EDAT_LFSE_03(1.0),Population in private households by educational attainment level,A,Annual,T,Total,Y25-64,From 25 to 64 years,PC,Percentage,ED5-8,Tertiary education (levels 5-8),FI,Finland,2022,,42.7,,,,,
dataflow,ESTAT:EDAT_LFSE_03(1.0),Population in private households by educational attainment level,A,Annual,T,Total,Y25-64,From 25 to 64 years,PC,Percentage,ED5-8,Tertiary education (levels 5-8),FI,Finland,2023,,42.6,,,,,
dataflow,ESTAT:EDAT_LFSE_03(1.0),Population in private households by educational attainment level,A,Annual,T,Total,Y25-64,From 25 to 64 years,PC,Percentage,ED5-8,Tertiary education (levels 5-8),FR,France,2013,,32.1,,b,break in time series,,
dataflow,ESTAT:EDAT_LFSE_03(1.0),Population in private households by educational attainment level,A,Annual,T,Total,Y25-64,From 25 to 64 years,PC,Percentage,ED5-8,Tertiary education (levels 5-8),FR,France,2014,,33.2,,b,break in time series,,
dataflow,ESTAT:EDAT_LFSE_03(1.0),Population in private households by educational attainment level,A,Annual,T,Total,Y25-64,From 25 to 64 years,PC,Percentage,ED5-8,Tertiary education (levels 5-8),FR,France,2015,,34.1,,,,,
dataflow,ESTAT:EDAT_LFSE_03(1.0),Population in private households by educational attainment level,A,Annual,T,Total,Y25-64,From 25 to 64 years,PC,Percentage,ED5-8,Tertiary education (levels 5-8),FR,France,2016,,34.6,,,,,
dataflow,ESTAT:EDAT_LFSE_03(1.0),Population in private households by educational attainment level,A,Annual,T,Total,Y25-64,From 25 to 64 years,PC,Percentage,ED5-8,Tertiary education (levels 5-8),FR,France,2017,,35.3,,,,,
dataflow,ESTAT:EDAT_LFSE_03(1.0),Population in private households by educational attainment level,A,Annual,T,Total,Y25-64,From 25 to 64 years,PC,Percentage,ED5-8,Tertiary education (levels 5-8),FR,France,2018,,36.9,,,,,
dataflow,ESTAT:EDAT_LFSE_03(1.0),Population in private households by educational attainment level,A,Annual,T,Total,Y25-64,From 25 to 64 years,PC,Percentage,ED5-8,Tertiary education (levels 5-8),FR,France,2019,,38.0,,,,,
dataflow,ESTAT:EDAT_LFSE_03(1.0),Population in private households by educational attainment level,A,Annual,T,Total,Y25-64,From 25 to 64 years,PC,Percentage,ED5-8,Tertiary education (levels 5-8),FR,France,2020,,39.7,,,,,
dataflow,ESTAT:EDAT_LFSE_03(1.0),Population in private households by educational attainment level,A,Annual,T,Total,Y25-64,From 25 to 64 years,PC,Percentage,ED5-8,Tertiary education (levels 5-8),FR,France,2021,,40.7,,b,break in time series,,
dataflow,ESTAT:EDAT_LFSE_03(1.0),Population in private households by educational attainment level,A,Annual,T,Total,Y25-64,From 25 to 64 years,PC,Percentage,ED5-8,Tertiary education (levels 5-8),FR,France,2022,,41.6,,,,,
dataflow,ESTAT:EDAT_LFSE_03(1.0),Population in private households by educational attainment level,A,Annual,T,Total,Y25-64,From 25 to 64 years,PC,Percentage,ED5-8,Tertiary education (levels 5-8),FR,France,2023,,42.4,,,,,
dataflow,ESTAT:EDAT_LFSE_03(1.0),Population in private households by educational attainment level,A,Annual,T,Total,Y25-64,From 25 to 64 years,PC,Percentage,ED5-8,Tertiary education (levels 5-8),HR,Croatia,2013,,20.9,,,,,
dataflow,ESTAT:EDAT_LFSE_03(1.0),Population in private households by educational attainment level,A,Annual,T,Total,Y25-64,From 25 to 64 years,PC,Percentage,ED5-8,Tertiary education (levels 5-8),HR,Croatia,2014,,21.8,,b,break in time series,,
dataflow,ESTAT:EDAT_LFSE_03(1.0),Population in private households by educational attainment level,A,Annual,T,Total,Y25-64,From 25 to 64 years,PC,Percentage,ED5-8,Tertiary education (levels 5-8),HR,Croatia,2015,,22.9,,,,,
dataflow,ESTAT:EDAT_LFSE_03(1.0),Population in private households by educational attainment level,A,Annual,T,Total,Y25-64,From 25 to 64 years,PC,Percentage,ED5-8,Tertiary education (levels 5-8),HR,Croatia,2016,,23.0,,,,,
dataflow,ESTAT:EDAT_LFSE_03(1.0),Population in private households by educational attainment level,A,Annual,T,Total,Y25-64,From 25 to 64 years,PC,Percentage,ED5-8,Tertiary education (levels 5-8),HR,Croatia,2017,,23.7,,,,,
dataflow,ESTAT:EDAT_LFSE_03(1.0),Population in private households by educational attainment level,A,Annual,T,Total,Y25-64,From 25 to 64 years,PC,Percentage,ED5-8,Tertiary education (levels 5-8),HR,Croatia,2018,,25.2,,,,,
dataflow,ESTAT:EDAT_LFSE_03(1.0),Population in private households by educational attainment level,A,Annual,T,Total,Y25-64,From 25 to 64 years,PC,Percentage,ED5-8,Tertiary education (levels 5-8),HR,Croatia,2019,,25.2,,,,,
dataflow,ESTAT:EDAT_LFSE_03(1.0),Population in private households by educational attainment level,A,Annual,T,Total,Y25-64,From 25 to 64 years,PC,Percentage,ED5-8,Tertiary education (levels 5-8),HR,Croatia,2020,,25.5,,,,,
dataflow,ESTAT:EDAT_LFSE_03(1.0),Population in private households by educational attainment level,A,Annual,T,Total,Y25-64,From 25 to 64 years,PC,Percentage,ED5-8,Tertiary education (levels 5-8),HR,Croatia,2021,,25.6,,b,break in time series,,
dataflow,ESTAT:EDAT_LFSE_03(1.0),Population in private households by educational attainment level,A,Annual,T,Total,Y25-64,From 25 to 64 years,PC,Percentage,ED5-8,Tertiary education (levels 5-8),HR,Croatia,2022,,26.1,,,,,
dataflow,ESTAT:EDAT_LFSE_03(1.0),Population in private households by educational attainment level,A,Annual,T,Total,Y25-64,From 25 to 64 years,PC,Percentage,ED5-8,Tertiary education (levels 5-8),HR,Croatia,2023,,28.7,,,,,
dataflow,ESTAT:EDAT_LFSE_03(1.0),Population in private households by educational attainment level,A,Annual,T,Total,Y25-64,From 25 to 64 years,PC,Percentage,ED5-8,Tertiary education (levels 5-8),HU,Hungary,2013,,22.6,,,,,
dataflow,ESTAT:EDAT_LFSE_03(1.0),Population in private households by educational attainment level,A,Annual,T,Total,Y25-64,From 25 to 64 years,PC,Percentage,ED5-8,Tertiary education (levels 5-8),HU,Hungary,2014,,23.4,,b,break in time series,,
dataflow,ESTAT:EDAT_LFSE_03(1.0),Population in private households by educational attainment level,A,Annual,T,Total,Y25-64,From 25 to 64 years,PC,Percentage,ED5-8,Tertiary education (levels 5-8),HU,Hungary,2015,,24.2,,,,,
dataflow,ESTAT:EDAT_LFSE_03(1.0),Population in private households by educational attainment level,A,Annual,T,Total,Y25-64,From 25 to 64 years,PC,Percentage,ED5-8,Tertiary education (levels 5-8),HU,Hungary,2016,,23.7,,,,,
dataflow,ESTAT:EDAT_LFSE_03(1.0),Population in private households by educational attainment level,A,Annual,T,Total,Y25-64,From 25 to 64 years,PC,Percentage,ED5-8,Tertiary education (levels 5-8),HU,Hungary,2017,,24.1,,,,,
dataflow,ESTAT:EDAT_LFSE_03(1.0),Population in private households by educational attainment level,A,Annual,T,Total,Y25-64,From 25 to 64 years,PC,Percentage,ED5-8,Tertiary education (levels 5-8),HU,Hungary,2018,,25.0,,b,break in time series,,
dataflow,ESTAT:EDAT_LFSE_03(1.0),Population in private households by educational attainment level,A,Annual,T,Total,Y25-64,From 25 to 64 years,PC,Percentage,ED5-8,Tertiary education (levels 5-8),HU,Hungary,2019,,25.9,,,,,
dataflow,ESTAT:EDAT_LFSE_03(1.0),Population in private households by educational attainment level,A,Annual,T,Total,Y25-64,From 25 to 64 years,PC,Percentage,ED5-8,Tertiary education (levels 5-8),HU,Hungary,2020,,27.1,,,,,
dataflow,ESTAT:EDAT_LFSE_03(1.0),Population in private households by educational attainment level,A,Annual,T,Total,Y25-64,From 25 to 64 years,PC,Percentage,ED5-8,Tertiary education (levels 5-8),HU,Hungary,2021,,29.3,,b,break in time series,,
dataflow,ESTAT:EDAT_LFSE_03(1.0),Population in private households by educational attainment level,A,Annual,T,Total,Y25-64,From 25 to 64 years,PC,Percentage,ED5-8,Tertiary education (levels 5-8),HU,Hungary,2022,,29.4,,,,,
dataflow,ESTAT:EDAT_LFSE_03(1.0),Population in private households by educational attainment level,A,Annual,T,Total,Y25-64,From 25 to 64 years,PC,Percentage,ED5-8,Tertiary education (levels 5-8),HU,Hungary,2023,,29.8,,,,,
dataflow,ESTAT:EDAT_LFSE_03(1.0),Population in private households by educational attainment level,A,Annual,T,Total,Y25-64,From 25 to 64 years,PC,Percentage,ED5-8,Tertiary education (levels 5-8),IE,Ireland,2013,,42.6,,,,,
dataflow,ESTAT:EDAT_LFSE_03(1.0),Population in private households by educational attainment level,A,Annual,T,Total,Y25-64,From 25 to 64 years,PC,Percentage,ED5-8,Tertiary education (levels 5-8),IE,Ireland,2014,,43.3,,b,break in time series,,
dataflow,ESTAT:EDAT_LFSE_03(1.0),Population in private households by educational attainment level,A,Annual,T,Total,Y25-64,From 25 to 64 years,PC,Percentage,ED5-8,Tertiary education (levels 5-8),IE,Ireland,2015,,44.5,,,,,
dataflow,ESTAT:EDAT_LFSE_03(1.0),Population in private households by educational attainment level,A,Annual,T,Total,Y25-64,From 25 to 64 years,PC,Percentage,ED5-8,Tertiary education (levels 5-8),IE,Ireland,2016,,45.1,,,,,
dataflow,ESTAT:EDAT_LFSE_03(1.0),Population in private households by educational attainment level,A,Annual,T,Total,Y25-64,From 25 to 64 years,PC,Percentage,ED5-8,Tertiary education (levels 5-8),IE,Ireland,2017,,46.5,,b,break in time series,,
dataflow,ESTAT:EDAT_LFSE_03(1.0),Population in private households by educational attainment level,A,Annual,T,Total,Y25-64,From 25 to 64 years,PC,Percentage,ED5-8,Tertiary education (levels 5-8),IE,Ireland,2018,,46.9,,,,,
dataflow,ESTAT:EDAT_LFSE_03(1.0),Population in private households by educational attainment level,A,Annual,T,Total,Y25-64,From 25 to 64 years,PC,Percentage,ED5-8,Tertiary education (levels 5-8),IE,Ireland,2019,,47.3,,,,,
dataflow,ESTAT:EDAT_LFSE_03(1.0),Population in private households by educational attainment level,A,Annual,T,Total,Y25-64,From 25 to 64 years,PC,Percentage,ED5-8,Tertiary education (levels 5-8),IE,Ireland,2020,,49.9,,,,,
dataflow,ESTAT:EDAT_LFSE_03(1.0),Population in private households by educational attainment level,A,Annual,T,Total,Y25-64,From 25 to 64 years,PC,Percentage,ED5-8,Tertiary education (levels 5-8),IE,Ireland,2021,,52.9,,b,break in time series,,
dataflow,ESTAT:EDAT_LFSE_03(1.0),Population in private households by educational attainment level,A,Annual,T,Total,Y25-64,From 25 to 64 years,PC,Percentage,ED5-8,Tertiary education (levels 5-8),IE,Ireland,2022,,53.7,,,,,
dataflow,ESTAT:EDAT_LFSE_03(1.0),Population in private households by educational attainment level,A,Annual,T,Total,Y25-64,From 25 to 64 years,PC,Percentage,ED5-8,Tertiary education (levels 5-8),IE,Ireland,2023,,54.5,,,,,
dataflow,ESTAT:EDAT_LFSE_03(1.0),Population in private households by educational attainment level,A,Annual,T,Total,Y25-64,From 25 to 64 years,PC,Percentage,ED5-8,Tertiary education (levels 5-8),IS,Iceland,2013,,36.1,,,,,
dataflow,ESTAT:EDAT_LFSE_03(1.0),Population in private households by educational attainment level,A,Annual,T,Total,Y25-64,From 25 to 64 years,PC,Percentage,ED5-8,Tertiary education (levels 5-8),IS,Iceland,2014,,37.3,,b,break in time series,,
dataflow,ESTAT:EDAT_LFSE_03(1.0),Population in private households by educational attainment level,A,Annual,T,Total,Y25-64,From 25 to 64 years,PC,Percentage,ED5-8,Tertiary education (levels 5-8),IS,Iceland,2015,,39.0,,,,,
dataflow,ESTAT:EDAT_LFSE_03(1.0),Population in private households by educational attainment level,A,Annual,T,Total,Y25-64,From 25 to 64 years,PC,Percentage,ED5-8,Tertiary education (levels 5-8),IS,Iceland,2016,,40.5,,,,,
dataflow,ESTAT:EDAT_LFSE_03(1.0),Population in private households by educational attainment level,A,Annual,T,Total,Y25-64,From 25 to 64 years,PC,Percentage,ED5-8,Tertiary education (levels 5-8),IS,Iceland,2017,,42.5,,,,,
dataflow,ESTAT:EDAT_LFSE_03(1.0),Population in private households by educational attainment level,A,Annual,T,Total,Y25-64,From 25 to 64 years,PC,Percentage,ED5-8,Tertiary education (levels 5-8),IS,Iceland,2018,,43.8,,,,,
dataflow,ESTAT:EDAT_LFSE_03(1.0),Population in private households by educational attainment level,A,Annual,T,Total,Y25-64,From 25 to 64 years,PC,Percentage,ED5-8,Tertiary education (levels 5-8),IS,Iceland,2019,,45.2,,,,,
dataflow,ESTAT:EDAT_LFSE_03(1.0),Population in private households by educational attainment level,A,Annual,T,Total,Y25-64,From 25 to 64 years,PC,Percentage,ED5-8,Tertiary education (levels 5-8),IS,Iceland,2020,,43.7,,b,break in time series,,
dataflow,ESTAT:EDAT_LFSE_03(1.0),Population in private households by educational attainment level,A,Annual,T,Total,Y25-64,From 25 to 64 years,PC,Percentage,ED5-8,Tertiary education (levels 5-8),IS,Iceland,2021,,42.6,,b,break in time series,,
dataflow,ESTAT:EDAT_LFSE_03(1.0),Population in private households by educational attainment level,A,Annual,T,Total,Y25-64,From 25 to 64 years,PC,Percentage,ED5-8,Tertiary education (levels 5-8),IS,Iceland,2022,,42.9,,,,,
dataflow,ESTAT:EDAT_LFSE_03(1.0),Population in private households by educational attainment level,A,Annual,T,Total,Y25-64,From 25 to 64 years,PC,Percentage,ED5-8,Tertiary education (levels 5-8),IS,Iceland,2023,,44.0,,,,,
dataflow,ESTAT:EDAT_LFSE_03(1.0),Population in private households by educational attainment level,A,Annual,T,Total,Y25-64,From 25 to 64 years,PC,Percentage,ED5-8,Tertiary education (levels 5-8),IT,Italy,2013,,16.4,,,,,
dataflow,ESTAT:EDAT_LFSE_03(1.0),Population in private households by educational attainment level,A,Annual,T,Total,Y25-64,From 25 to 64 years,PC,Percentage,ED5-8,Tertiary education (levels 5-8),IT,Italy,2014,,16.9,,b,break in time series,,
dataflow,ESTAT:EDAT_LFSE_03(1.0),Population in private households by educational attainment level,A,Annual,T,Total,Y25-64,From 25 to 64 years,PC,Percentage,ED5-8,Tertiary education (levels 5-8),IT,Italy,2015,,17.6,,,,,
dataflow,ESTAT:EDAT_LFSE_03(1.0),Population in private households by educational attainment level,A,Annual,T,Total,Y25-64,From 25 to 64 years,PC,Percentage,ED5-8,Tertiary education (levels 5-8),IT,Italy,2016,,17.7,,,,,
dataflow,ESTAT:EDAT_LFSE_03(1.0),Population in private households by educational attainment level,A,Annual,T,Total,Y25-64,From 25 to 64 years,PC,Percentage,ED5-8,Tertiary education (levels 5-8),IT,Italy,2017,,18.7,,,,,
dataflow,ESTAT:EDAT_LFSE_03(1.0),Population in private households by educational attainment level,A,Annual,T,Total,Y25-64,From 25 to 64 years,PC,Percentage,ED5-8,Tertiary education (levels 5-8),IT,Italy,2018,,19.4,,b,break in time series,,
dataflow,ESTAT:EDAT_LFSE_03(1.0),Population in private households by educational attainment level,A,Annual,T,Total,Y25-64,From 25 to 64 years,PC,Percentage,ED5-8,Tertiary education (levels 5-8),IT,Italy,2019,,19.7,,,,,
dataflow,ESTAT:EDAT_LFSE_03(1.0),Population in private households by educational attainment level,A,Annual,T,Total,Y25-64,From 25 to 64 years,PC,Percentage,ED5-8,Tertiary education (levels 5-8),IT,Italy,2020,,20.0,,,,,
dataflow,ESTAT:EDAT_LFSE_03(1.0),Population in private households by educational attainment level,A,Annual,T,Total,Y25-64,From 25 to 64 years,PC,Percentage,ED5-8,Tertiary education (levels 5-8),IT,Italy,2021,,20.0,,b,break in time series,,
dataflow,ESTAT:EDAT_LFSE_03(1.0),Population in private households by educational attainment level,A,Annual,T,Total,Y25-64,From 25 to 64 years,PC,Percentage,ED5-8,Tertiary education (levels 5-8),IT,Italy,2022,,20.3,,,,,
dataflow,ESTAT:EDAT_LFSE_03(1.0),Population in private households by educational attainment level,A,Annual,T,Total,Y25-64,From 25 to 64 years,PC,Percentage,ED5-8,Tertiary education (levels 5-8),IT,Italy,2023,,21.6,,,,,
dataflow,ESTAT:EDAT_LFSE_03(1.0),Population in private households by educational attainment level,A,Annual,T,Total,Y25-64,From 25 to 64 years,PC,Percentage,ED5-8,Tertiary education (levels 5-8),LT,Lithuania,2013,,35.2,,,,,
dataflow,ESTAT:EDAT_LFSE_03(1.0),Population in private households by educational attainment level,A,Annual,T,Total,Y25-64,From 25 to 64 years,PC,Percentage,ED5-8,Tertiary education (levels 5-8),LT,Lithuania,2014,,36.7,,b,break in time series,,
dataflow,ESTAT:EDAT_LFSE_03(1.0),Population in private households by educational attainment level,A,Annual,T,Total,Y25-64,From 25 to 64 years,PC,Percentage,ED5-8,Tertiary education (levels 5-8),LT,Lithuania,2015,,38.7,,,,,
dataflow,ESTAT:EDAT_LFSE_03(1.0),Population in private households by educational attainment level,A,Annual,T,Total,Y25-64,From 25 to 64 years,PC,Percentage,ED5-8,Tertiary education (levels 5-8),LT,Lithuania,2016,,39.7,,,,,
dataflow,ESTAT:EDAT_LFSE_03(1.0),Population in private households by educational attainment level,A,Annual,T,Total,Y25-64,From 25 to 64 years,PC,Percentage,ED5-8,Tertiary education (levels 5-8),LT,Lithuania,2017,,40.3,,,,,
dataflow,ESTAT:EDAT_LFSE_03(1.0),Population in private households by educational attainment level,A,Annual,T,Total,Y25-64,From 25 to 64 years,PC,Percentage,ED5-8,Tertiary education (levels 5-8),LT,Lithuania,2018,,41.7,,,,,
dataflow,ESTAT:EDAT_LFSE_03(1.0),Population in private households by educational attainment level,A,Annual,T,Total,Y25-64,From 25 to 64 years,PC,Percentage,ED5-8,Tertiary education (levels 5-8),LT,Lithuania,2019,,43.1,,,,,
dataflow,ESTAT:EDAT_LFSE_03(1.0),Population in private households by educational attainment level,A,Annual,T,Total,Y25-64,From 25 to 64 years,PC,Percentage,ED5-8,Tertiary education (levels 5-8),LT,Lithuania,2020,,44.1,,,,,
dataflow,ESTAT:EDAT_LFSE_03(1.0),Population in private households by educational attainment level,A,Annual,T,Total,Y25-64,From 25 to 64 years,PC,Percentage,ED5-8,Tertiary education (levels 5-8),LT,Lithuania,2021,,45.4,,b,break in time series,,
dataflow,ESTAT:EDAT_LFSE_03(1.0),Population in private households by educational attainment level,A,Annual,T,Total,Y25-64,From 25 to 64 years,PC,Percentage,ED5-8,Tertiary education (levels 5-8),LT,Lithuania,2022,,46.5,,,,,
dataflow,ESTAT:EDAT_LFSE_03(1.0),Population in private households by educational attainment level,A,Annual,T,Total,Y25-64,From 25 to 64 years,PC,Percentage,ED5-8,Tertiary education (levels 5-8),LT,Lithuania,2023,,46.4,,,,,
dataflow,ESTAT:EDAT_LFSE_03(1.0),Population in private households by educational attainment level,A,Annual,T,Total,Y25-64,From 25 to 64 years,PC,Percentage,ED5-8,Tertiary education (levels 5-8),LU,Luxembourg,2013,,40.7,,,,,
dataflow,ESTAT:EDAT_LFSE_03(1.0),Population in private households by educational attainment level,A,Annual,T,Total,Y25-64,From 25 to 64 years,PC,Percentage,ED5-8,Tertiary education (levels 5-8),LU,Luxembourg,2014,,45.9,,b,break in time series,,
dataflow,ESTAT:EDAT_LFSE_03(1.0),Population in private households by educational attainment level,A,Annual,T,Total,Y25-64,From 25 to 64 years,PC,Percentage,ED5-8,Tertiary education (levels 5-8),LU,Luxembourg,2015,,41.1,,b,break in time series,,
dataflow,ESTAT:EDAT_LFSE_03(1.0),Population in private households by educational attainment level,A,Annual,T,Total,Y25-64,From 25 to 64 years,PC,Percentage,ED5-8,Tertiary education (levels 5-8),LU,Luxembourg,2016,,42.6,,u,low reliability,,
dataflow,ESTAT:EDAT_LFSE_03(1.0),Population in private households by educational attainment level,A,Annual,T,Total,Y25-64,From 25 to 64 years,PC,Percentage,ED5-8,Tertiary education (levels 5-8),LU,Luxembourg,2017,,39.9,,u,low reliability,,
dataflow,ESTAT:EDAT_LFSE_03(1.0),Population in private households by educational attainment level,A,Annual,T,Total,Y25-64,From 25 to 64 years,PC,Percentage,ED5-8,Tertiary education (levels 5-8),LU,Luxembourg,2018,,44.1,,,,,
dataflow,ESTAT:EDAT_LFSE_03(1.0),Population in private households by educational attainment level,A,Annual,T,Total,Y25-64,From 25 to 64 years,PC,Percentage,ED5-8,Tertiary education (levels 5-8),LU,Luxembourg,2019,,47.0,,,,,
dataflow,ESTAT:EDAT_LFSE_03(1.0),Population in private households by educational attainment level,A,Annual,T,Total,Y25-64,From 25 to 64 years,PC,Percentage,ED5-8,Tertiary education (levels 5-8),LU,Luxembourg,2020,,47.1,,,,,
dataflow,ESTAT:EDAT_LFSE_03(1.0),Population in private households by educational attainment level,A,Annual,T,Total,Y25-64,From 25 to 64 years,PC,Percentage,ED5-8,Tertiary education (levels 5-8),LU,Luxembourg,2021,,50.5,,b,break in time series,,
dataflow,ESTAT:EDAT_LFSE_03(1.0),Population in private households by educational attainment level,A,Annual,T,Total,Y25-64,From 25 to 64 years,PC,Percentage,ED5-8,Tertiary education (levels 5-8),LU,Luxembourg,2022,,52.3,,,,,
dataflow,ESTAT:EDAT_LFSE_03(1.0),Population in private households by educational attainment level,A,Annual,T,Total,Y25-64,From 25 to 64 years,PC,Percentage,ED5-8,Tertiary education (levels 5-8),LU,Luxembourg,2023,,51.9,,,,,
dataflow,ESTAT:EDAT_LFSE_03(1.0),Population in private households by educational attainment level,A,Annual,T,Total,Y25-64,From 25 to 64 years,PC,Percentage,ED5-8,Tertiary education (levels 5-8),LV,Latvia,2013,,31.0,,,,,
dataflow,ESTAT:EDAT_LFSE_03(1.0),Population in private households by educational attainment level,A,Annual,T,Total,Y25-64,From 25 to 64 years,PC,Percentage,ED5-8,Tertiary education (levels 5-8),LV,Latvia,2014,,30.2,,b,break in time series,,
dataflow,ESTAT:EDAT_LFSE_03(1.0),Population in private households by educational attainment level,A,Annual,T,Total,Y25-64,From 25 to 64 years,PC,Percentage,ED5-8,Tertiary education (levels 5-8),LV,Latvia,2015,,31.6,,,,,
dataflow,ESTAT:EDAT_LFSE_03(1.0),Population in private households by educational attainment level,A,Annual,T,Total,Y25-64,From 25 to 64 years,PC,Percentage,ED5-8,Tertiary education (levels 5-8),LV,Latvia,2016,,33.4,,,,,
dataflow,ESTAT:EDAT_LFSE_03(1.0),Population in private households by educational attainment level,A,Annual,T,Total,Y25-64,From 25 to 64 years,PC,Percentage,ED5-8,Tertiary education (levels 5-8),LV,Latvia,2017,,33.9,,,,,
dataflow,ESTAT:EDAT_LFSE_03(1.0),Population in private households by educational attainment level,A,Annual,T,Total,Y25-64,From 25 to 64 years,PC,Percentage,ED5-8,Tertiary education (levels 5-8),LV,Latvia,2018,,33.9,,,,,
dataflow,ESTAT:EDAT_LFSE_03(1.0),Population in private households by educational attainment level,A,Annual,T,Total,Y25-64,From 25 to 64 years,PC,Percentage,ED5-8,Tertiary education (levels 5-8),LV,Latvia,2019,,35.7,,,,,
dataflow,ESTAT:EDAT_LFSE_03(1.0),Population in private households by educational attainment level,A,Annual,T,Total,Y25-64,From 25 to 64 years,PC,Percentage,ED5-8,Tertiary education (levels 5-8),LV,Latvia,2020,,37.8,,,,,
dataflow,ESTAT:EDAT_LFSE_03(1.0),Population in private households by educational attainment level,A,Annual,T,Total,Y25-64,From 25 to 64 years,PC,Percentage,ED5-8,Tertiary education (levels 5-8),LV,Latvia,2021,,39.0,,b,break in time series,,
dataflow,ESTAT:EDAT_LFSE_03(1.0),Population in private households by educational attainment level,A,Annual,T,Total,Y25-64,From 25 to 64 years,PC,Percentage,ED5-8,Tertiary education (levels 5-8),LV,Latvia,2022,,39.5,,,,,
dataflow,ESTAT:EDAT_LFSE_03(1.0),Population in private households by educational attainment level,A,Annual,T,Total,Y25-64,From 25 to 64 years,PC,Percentage,ED5-8,Tertiary education (levels 5-8),LV,Latvia,2023,,39.2,,,,,
dataflow,ESTAT:EDAT_LFSE_03(1.0),Population in private households by educational attainment level,A,Annual,T,Total,Y25-64,From 25 to 64 years,PC,Percentage,ED5-8,Tertiary education (levels 5-8),ME,Montenegro,2013,,21.8,,,,,
dataflow,ESTAT:EDAT_LFSE_03(1.0),Population in private households by educational attainment level,A,Annual,T,Total,Y25-64,From 25 to 64 years,PC,Percentage,ED5-8,Tertiary education (levels 5-8),ME,Montenegro,2014,,24.0,,b,break in time series,,
dataflow,ESTAT:EDAT_LFSE_03(1.0),Population in private households by educational attainment level,A,Annual,T,Total,Y25-64,From 25 to 64 years,PC,Percentage,ED5-8,Tertiary education (levels 5-8),ME,Montenegro,2015,,23.5,,,,,
dataflow,ESTAT:EDAT_LFSE_03(1.0),Population in private households by educational attainment level,A,Annual,T,Total,Y25-64,From 25 to 64 years,PC,Percentage,ED5-8,Tertiary education (levels 5-8),ME,Montenegro,2016,,25.3,,,,,
dataflow,ESTAT:EDAT_LFSE_03(1.0),Population in private households by educational attainment level,A,Annual,T,Total,Y25-64,From 25 to 64 years,PC,Percentage,ED5-8,Tertiary education (levels 5-8),ME,Montenegro,2017,,24.8,,,,,
dataflow,ESTAT:EDAT_LFSE_03(1.0),Population in private households by educational attainment level,A,Annual,T,Total,Y25-64,From 25 to 64 years,PC,Percentage,ED5-8,Tertiary education (levels 5-8),ME,Montenegro,2018,,24.0,,,,,
dataflow,ESTAT:EDAT_LFSE_03(1.0),Population in private households by educational attainment level,A,Annual,T,Total,Y25-64,From 25 to 64 years,PC,Percentage,ED5-8,Tertiary education (levels 5-8),ME,Montenegro,2019,,25.8,,,,,
dataflow,ESTAT:EDAT_LFSE_03(1.0),Population in private households by educational attainment level,A,Annual,T,Total,Y25-64,From 25 to 64 years,PC,Percentage,ED5-8,Tertiary education (levels 5-8),ME,Montenegro,2020,,25.6,,,,,
dataflow,ESTAT:EDAT_LFSE_03(1.0),Population in private households by educational attainment level,A,Annual,T,Total,Y25-64,From 25 to 64 years,PC,Percentage,ED5-8,Tertiary education (levels 5-8),MK,North Macedonia,2013,,17.2,,,,,
dataflow,ESTAT:EDAT_LFSE_03(1.0),Population in private households by educational attainment level,A,Annual,T,Total,Y25-64,From 25 to 64 years,PC,Percentage,ED5-8,Tertiary education (levels 5-8),MK,North Macedonia,2014,,17.6,,b,break in time series,,
dataflow,ESTAT:EDAT_LFSE_03(1.0),Population in private households by educational attainment level,A,Annual,T,Total,Y25-64,From 25 to 64 years,PC,Percentage,ED5-8,Tertiary education (levels 5-8),MK,North Macedonia,2015,,18.8,,,,,
dataflow,ESTAT:EDAT_LFSE_03(1.0),Population in private households by educational attainment level,A,Annual,T,Total,Y25-64,From 25 to 64 years,PC,Percentage,ED5-8,Tertiary education (levels 5-8),MK,North Macedonia,2016,,20.7,,,,,
dataflow,ESTAT:EDAT_LFSE_03(1.0),Population in private households by educational attainment level,A,Annual,T,Total,Y25-64,From 25 to 64 years,PC,Percentage,ED5-8,Tertiary education (levels 5-8),MK,North Macedonia,2017,,20.7,,,,,
dataflow,ESTAT:EDAT_LFSE_03(1.0),Population in private households by educational attainment level,A,Annual,T,Total,Y25-64,From 25 to 64 years,PC,Percentage,ED5-8,Tertiary education (levels 5-8),MK,North Macedonia,2018,,20.3,,,,,
dataflow,ESTAT:EDAT_LFSE_03(1.0),Population in private households by educational attainment level,A,Annual,T,Total,Y25-64,From 25 to 64 years,PC,Percentage,ED5-8,Tertiary education (levels 5-8),MK,North Macedonia,2019,,21.3,,,,,
dataflow,ESTAT:EDAT_LFSE_03(1.0),Population in private households by educational attainment level,A,Annual,T,Total,Y25-64,From 25 to 64 years,PC,Percentage,ED5-8,Tertiary education (levels 5-8),MK,North Macedonia,2020,,23.2,,,,,
dataflow,ESTAT:EDAT_LFSE_03(1.0),Population in private households by educational attainment level,A,Annual,T,Total,Y25-64,From 25 to 64 years,PC,Percentage,ED5-8,Tertiary education (levels 5-8),MK,North Macedonia,2021,,24.0,,b,break in time series,,
dataflow,ESTAT:EDAT_LFSE_03(1.0),Population in private households by educational attainment level,A,Annual,T,Total,Y25-64,From 25 to 64 years,PC,Percentage,ED5-8,Tertiary education (levels 5-8),MK,North Macedonia,2022,,24.4,,,,,
dataflow,ESTAT:EDAT_LFSE_03(1.0),Population in private households by educational attainment level,A,Annual,T,Total,Y25-64,From 25 to 64 years,PC,Percentage,ED5-8,Tertiary education (levels 5-8),MK,North Macedonia,2023,,24.5,,,,,
dataflow,ESTAT:EDAT_LFSE_03(1.0),Population in private households by educational attainment level,A,Annual,T,Total,Y25-64,From 25 to 64 years,PC,Percentage,ED5-8,Tertiary education (levels 5-8),MT,Malta,2013,,19.6,,,,,
dataflow,ESTAT:EDAT_LFSE_03(1.0),Population in private households by educational attainment level,A,Annual,T,Total,Y25-64,From 25 to 64 years,PC,Percentage,ED5-8,Tertiary education (levels 5-8),MT,Malta,2014,,21.2,,b,break in time series,,
dataflow,ESTAT:EDAT_LFSE_03(1.0),Population in private households by educational attainment level,A,Annual,T,Total,Y25-64,From 25 to 64 years,PC,Percentage,ED5-8,Tertiary education (levels 5-8),MT,Malta,2015,,21.6,,,,,
dataflow,ESTAT:EDAT_LFSE_03(1.0),Population in private households by educational attainment level,A,Annual,T,Total,Y25-64,From 25 to 64 years,PC,Percentage,ED5-8,Tertiary education (levels 5-8),MT,Malta,2016,,22.1,,,,,
dataflow,ESTAT:EDAT_LFSE_03(1.0),Population in private households by educational attainment level,A,Annual,T,Total,Y25-64,From 25 to 64 years,PC,Percentage,ED5-8,Tertiary education (levels 5-8),MT,Malta,2017,,23.9,,,,,
dataflow,ESTAT:EDAT_LFSE_03(1.0),Population in private households by educational attainment level,A,Annual,T,Total,Y25-64,From 25 to 64 years,PC,Percentage,ED5-8,Tertiary education (levels 5-8),MT,Malta,2018,,26.9,,,,,
dataflow,ESTAT:EDAT_LFSE_03(1.0),Population in private households by educational attainment level,A,Annual,T,Total,Y25-64,From 25 to 64 years,PC,Percentage,ED5-8,Tertiary education (levels 5-8),MT,Malta,2019,,29.7,,,,,
dataflow,ESTAT:EDAT_LFSE_03(1.0),Population in private households by educational attainment level,A,Annual,T,Total,Y25-64,From 25 to 64 years,PC,Percentage,ED5-8,Tertiary education (levels 5-8),MT,Malta,2020,,30.8,,,,,
dataflow,ESTAT:EDAT_LFSE_03(1.0),Population in private households by educational attainment level,A,Annual,T,Total,Y25-64,From 25 to 64 years,PC,Percentage,ED5-8,Tertiary education (levels 5-8),MT,Malta,2021,,32.1,,b,break in time series,,
dataflow,ESTAT:EDAT_LFSE_03(1.0),Population in private households by educational attainment level,A,Annual,T,Total,Y25-64,From 25 to 64 years,PC,Percentage,ED5-8,Tertiary education (levels 5-8),MT,Malta,2022,,31.8,,,,,
dataflow,ESTAT:EDAT_LFSE_03(1.0),Population in private households by educational attainment level,A,Annual,T,Total,Y25-64,From 25 to 64 years,PC,Percentage,ED5-8,Tertiary education (levels 5-8),MT,Malta,2023,,33.2,,,,,
dataflow,ESTAT:EDAT_LFSE_03(1.0),Population in private households by educational attainment level,A,Annual,T,Total,Y25-64,From 25 to 64 years,PC,Percentage,ED5-8,Tertiary education (levels 5-8),NL,Netherlands,2013,,33.9,,b,break in time series,,
dataflow,ESTAT:EDAT_LFSE_03(1.0),Population in private households by educational attainment level,A,Annual,T,Total,Y25-64,From 25 to 64 years,PC,Percentage,ED5-8,Tertiary education (levels 5-8),NL,Netherlands,2014,,34.4,,b,break in time series,,
dataflow,ESTAT:EDAT_LFSE_03(1.0),Population in private households by educational attainment level,A,Annual,T,Total,Y25-64,From 25 to 64 years,PC,Percentage,ED5-8,Tertiary education (levels 5-8),NL,Netherlands,2015,,35.3,,,,,
dataflow,ESTAT:EDAT_LFSE_03(1.0),Population in private households by educational attainment level,A,Annual,T,Total,Y25-64,From 25 to 64 years,PC,Percentage,ED5-8,Tertiary education (levels 5-8),NL,Netherlands,2016,,36.0,,,,,
dataflow,ESTAT:EDAT_LFSE_03(1.0),Population in private households by educational attainment level,A,Annual,T,Total,Y25-64,From 25 to 64 years,PC,Percentage,ED5-8,Tertiary education (levels 5-8),NL,Netherlands,2017,,37.2,,,,,
dataflow,ESTAT:EDAT_LFSE_03(1.0),Population in private households by educational attainment level,A,Annual,T,Total,Y25-64,From 25 to 64 years,PC,Percentage,ED5-8,Tertiary education (levels 5-8),NL,Netherlands,2018,,38.3,,,,,
dataflow,ESTAT:EDAT_LFSE_03(1.0),Population in private households by educational attainment level,A,Annual,T,Total,Y25-64,From 25 to 64 years,PC,Percentage,ED5-8,Tertiary education (levels 5-8),NL,Netherlands,2019,,40.4,,b,break in time series,,
dataflow,ESTAT:EDAT_LFSE_03(1.0),Population in private households by educational attainment level,A,Annual,T,Total,Y25-64,From 25 to 64 years,PC,Percentage,ED5-8,Tertiary education (levels 5-8),NL,Netherlands,2020,,42.6,,,,,
dataflow,ESTAT:EDAT_LFSE_03(1.0),Population in private households by educational attainment level,A,Annual,T,Total,Y25-64,From 25 to 64 years,PC,Percentage,ED5-8,Tertiary education (levels 5-8),NL,Netherlands,2021,,43.1,,b,break in time series,,
dataflow,ESTAT:EDAT_LFSE_03(1.0),Population in private households by educational attainment level,A,Annual,T,Total,Y25-64,From 25 to 64 years,PC,Percentage,ED5-8,Tertiary education (levels 5-8),NL,Netherlands,2022,,44.7,,,,,
dataflow,ESTAT:EDAT_LFSE_03(1.0),Population in private households by educational attainment level,A,Annual,T,Total,Y25-64,From 25 to 64 years,PC,Percentage,ED5-8,Tertiary education (levels 5-8),NL,Netherlands,2023,,44.3,,,,,
dataflow,ESTAT:EDAT_LFSE_03(1.0),Population in private households by educational attainment level,A,Annual,T,Total,Y25-64,From 25 to 64 years,PC,Percentage,ED5-8,Tertiary education (levels 5-8),NO,Norway,2013,,39.8,,,,,
dataflow,ESTAT:EDAT_LFSE_03(1.0),Population in private households by educational attainment level,A,Annual,T,Total,Y25-64,From 25 to 64 years,PC,Percentage,ED5-8,Tertiary education (levels 5-8),NO,Norway,2014,,42.3,,b,break in time series,,
dataflow,ESTAT:EDAT_LFSE_03(1.0),Population in private households by educational attainment level,A,Annual,T,Total,Y25-64,From 25 to 64 years,PC,Percentage,ED5-8,Tertiary education (levels 5-8),NO,Norway,2015,,43.2,,,,,
dataflow,ESTAT:EDAT_LFSE_03(1.0),Population in private households by educational attainment level,A,Annual,T,Total,Y25-64,From 25 to 64 years,PC,Percentage,ED5-8,Tertiary education (levels 5-8),NO,Norway,2016,,43.2,,,,,
dataflow,ESTAT:EDAT_LFSE_03(1.0),Population in private households by educational attainment level,A,Annual,T,Total,Y25-64,From 25 to 64 years,PC,Percentage,ED5-8,Tertiary education (levels 5-8),NO,Norway,2017,,43.2,,,,,
dataflow,ESTAT:EDAT_LFSE_03(1.0),Population in private households by educational attainment level,A,Annual,T,Total,Y25-64,From 25 to 64 years,PC,Percentage,ED5-8,Tertiary education (levels 5-8),NO,Norway,2018,,43.7,,,,,
dataflow,ESTAT:EDAT_LFSE_03(1.0),Population in private households by educational attainment level,A,Annual,T,Total,Y25-64,From 25 to 64 years,PC,Percentage,ED5-8,Tertiary education (levels 5-8),NO,Norway,2019,,44.0,,,,,
dataflow,ESTAT:EDAT_LFSE_03(1.0),Population in private households by educational attainment level,A,Annual,T,Total,Y25-64,From 25 to 64 years,PC,Percentage,ED5-8,Tertiary education (levels 5-8),NO,Norway,2020,,45.3,,,,,
dataflow,ESTAT:EDAT_LFSE_03(1.0),Population in private households by educational attainment level,A,Annual,T,Total,Y25-64,From 25 to 64 years,PC,Percentage,ED5-8,Tertiary education (levels 5-8),NO,Norway,2021,,47.2,,b,break in time series,,
dataflow,ESTAT:EDAT_LFSE_03(1.0),Population in private households by educational attainment level,A,Annual,T,Total,Y25-64,From 25 to 64 years,PC,Percentage,ED5-8,Tertiary education (levels 5-8),NO,Norway,2022,,47.8,,,,,
dataflow,ESTAT:EDAT_LFSE_03(1.0),Population in private households by educational attainment level,A,Annual,T,Total,Y25-64,From 25 to 64 years,PC,Percentage,ED5-8,Tertiary education (levels 5-8),NO,Norway,2023,,48.7,,,,,
dataflow,ESTAT:EDAT_LFSE_03(1.0),Population in private households by educational attainment level,A,Annual,T,Total,Y25-64,From 25 to 64 years,PC,Percentage,ED5-8,Tertiary education (levels 5-8),PL,Poland,2013,,25.8,,,,,
dataflow,ESTAT:EDAT_LFSE_03(1.0),Population in private households by educational attainment level,A,Annual,T,Total,Y25-64,From 25 to 64 years,PC,Percentage,ED5-8,Tertiary education (levels 5-8),PL,Poland,2014,,27.0,,b,break in time series,,
dataflow,ESTAT:EDAT_LFSE_03(1.0),Population in private households by educational attainment level,A,Annual,T,Total,Y25-64,From 25 to 64 years,PC,Percentage,ED5-8,Tertiary education (levels 5-8),PL,Poland,2015,,27.7,,,,,
dataflow,ESTAT:EDAT_LFSE_03(1.0),Population in private households by educational attainment level,A,Annual,T,Total,Y25-64,From 25 to 64 years,PC,Percentage,ED5-8,Tertiary education (levels 5-8),PL,Poland,2016,,28.7,,,,,
dataflow,ESTAT:EDAT_LFSE_03(1.0),Population in private households by educational attainment level,A,Annual,T,Total,Y25-64,From 25 to 64 years,PC,Percentage,ED5-8,Tertiary education (levels 5-8),PL,Poland,2017,,29.9,,,,,
dataflow,ESTAT:EDAT_LFSE_03(1.0),Population in private households by educational attainment level,A,Annual,T,Total,Y25-64,From 25 to 64 years,PC,Percentage,ED5-8,Tertiary education (levels 5-8),PL,Poland,2018,,30.9,,,,,
dataflow,ESTAT:EDAT_LFSE_03(1.0),Population in private households by educational attainment level,A,Annual,T,Total,Y25-64,From 25 to 64 years,PC,Percentage,ED5-8,Tertiary education (levels 5-8),PL,Poland,2019,,32.4,,b,break in time series,,
dataflow,ESTAT:EDAT_LFSE_03(1.0),Population in private households by educational attainment level,A,Annual,T,Total,Y25-64,From 25 to 64 years,PC,Percentage,ED5-8,Tertiary education (levels 5-8),PL,Poland,2020,,33.3,,,,,
dataflow,ESTAT:EDAT_LFSE_03(1.0),Population in private households by educational attainment level,A,Annual,T,Total,Y25-64,From 25 to 64 years,PC,Percentage,ED5-8,Tertiary education (levels 5-8),PL,Poland,2021,,33.7,,b,break in time series,,
dataflow,ESTAT:EDAT_LFSE_03(1.0),Population in private households by educational attainment level,A,Annual,T,Total,Y25-64,From 25 to 64 years,PC,Percentage,ED5-8,Tertiary education (levels 5-8),PL,Poland,2022,,34.4,,,,,
dataflow,ESTAT:EDAT_LFSE_03(1.0),Population in private households by educational attainment level,A,Annual,T,Total,Y25-64,From 25 to 64 years,PC,Percentage,ED5-8,Tertiary education (levels 5-8),PL,Poland,2023,,37.9,,,,,
dataflow,ESTAT:EDAT_LFSE_03(1.0),Population in private households by educational attainment level,A,Annual,T,Total,Y25-64,From 25 to 64 years,PC,Percentage,ED5-8,Tertiary education (levels 5-8),PT,Portugal,2013,,19.3,,,,,
dataflow,ESTAT:EDAT_LFSE_03(1.0),Population in private households by educational attainment level,A,Annual,T,Total,Y25-64,From 25 to 64 years,PC,Percentage,ED5-8,Tertiary education (levels 5-8),PT,Portugal,2014,,21.7,,b,break in time series,,
dataflow,ESTAT:EDAT_LFSE_03(1.0),Population in private households by educational attainment level,A,Annual,T,Total,Y25-64,From 25 to 64 years,PC,Percentage,ED5-8,Tertiary education (levels 5-8),PT,Portugal,2015,,22.9,,,,,
dataflow,ESTAT:EDAT_LFSE_03(1.0),Population in private households by educational attainment level,A,Annual,T,Total,Y25-64,From 25 to 64 years,PC,Percentage,ED5-8,Tertiary education (levels 5-8),PT,Portugal,2016,,23.8,,,,,
dataflow,ESTAT:EDAT_LFSE_03(1.0),Population in private households by educational attainment level,A,Annual,T,Total,Y25-64,From 25 to 64 years,PC,Percentage,ED5-8,Tertiary education (levels 5-8),PT,Portugal,2017,,24.1,,,,,
dataflow,ESTAT:EDAT_LFSE_03(1.0),Population in private households by educational attainment level,A,Annual,T,Total,Y25-64,From 25 to 64 years,PC,Percentage,ED5-8,Tertiary education (levels 5-8),PT,Portugal,2018,,25.0,,,,,
dataflow,ESTAT:EDAT_LFSE_03(1.0),Population in private households by educational attainment level,A,Annual,T,Total,Y25-64,From 25 to 64 years,PC,Percentage,ED5-8,Tertiary education (levels 5-8),PT,Portugal,2019,,26.4,,,,,
dataflow,ESTAT:EDAT_LFSE_03(1.0),Population in private households by educational attainment level,A,Annual,T,Total,Y25-64,From 25 to 64 years,PC,Percentage,ED5-8,Tertiary education (levels 5-8),PT,Portugal,2020,,27.5,,,,,
dataflow,ESTAT:EDAT_LFSE_03(1.0),Population in private households by educational attainment level,A,Annual,T,Total,Y25-64,From 25 to 64 years,PC,Percentage,ED5-8,Tertiary education (levels 5-8),PT,Portugal,2021,,28.8,,b,break in time series,,
dataflow,ESTAT:EDAT_LFSE_03(1.0),Population in private households by educational attainment level,A,Annual,T,Total,Y25-64,From 25 to 64 years,PC,Percentage,ED5-8,Tertiary education (levels 5-8),PT,Portugal,2022,,29.5,,,,,
dataflow,ESTAT:EDAT_LFSE_03(1.0),Population in private households by educational attainment level,A,Annual,T,Total,Y25-64,From 25 to 64 years,PC,Percentage,ED5-8,Tertiary education (levels 5-8),PT,Portugal,2023,,29.8,,,,,
dataflow,ESTAT:EDAT_LFSE_03(1.0),Population in private households by educational attainment level,A,Annual,T,Total,Y25-64,From 25 to 64 years,PC,Percentage,ED5-8,Tertiary education (levels 5-8),RO,Romania,2013,,15.6,,,,,
dataflow,ESTAT:EDAT_LFSE_03(1.0),Population in private households by educational attainment level,A,Annual,T,Total,Y25-64,From 25 to 64 years,PC,Percentage,ED5-8,Tertiary education (levels 5-8),RO,Romania,2014,,15.9,,b,break in time series,,
dataflow,ESTAT:EDAT_LFSE_03(1.0),Population in private households by educational attainment level,A,Annual,T,Total,Y25-64,From 25 to 64 years,PC,Percentage,ED5-8,Tertiary education (levels 5-8),RO,Romania,2015,,17.2,,,,,
dataflow,ESTAT:EDAT_LFSE_03(1.0),Population in private households by educational attainment level,A,Annual,T,Total,Y25-64,From 25 to 64 years,PC,Percentage,ED5-8,Tertiary education (levels 5-8),RO,Romania,2016,,17.4,,,,,
dataflow,ESTAT:EDAT_LFSE_03(1.0),Population in private households by educational attainment level,A,Annual,T,Total,Y25-64,From 25 to 64 years,PC,Percentage,ED5-8,Tertiary education (levels 5-8),RO,Romania,2017,,17.6,,,,,
dataflow,ESTAT:EDAT_LFSE_03(1.0),Population in private households by educational attainment level,A,Annual,T,Total,Y25-64,From 25 to 64 years,PC,Percentage,ED5-8,Tertiary education (levels 5-8),RO,Romania,2018,,17.8,,,,,
dataflow,ESTAT:EDAT_LFSE_03(1.0),Population in private households by educational attainment level,A,Annual,T,Total,Y25-64,From 25 to 64 years,PC,Percentage,ED5-8,Tertiary education (levels 5-8),RO,Romania,2019,,18.4,,,,,
dataflow,ESTAT:EDAT_LFSE_03(1.0),Population in private households by educational attainment level,A,Annual,T,Total,Y25-64,From 25 to 64 years,PC,Percentage,ED5-8,Tertiary education (levels 5-8),RO,Romania,2020,,18.7,,,,,
dataflow,ESTAT:EDAT_LFSE_03(1.0),Population in private households by educational attainment level,A,Annual,T,Total,Y25-64,From 25 to 64 years,PC,Percentage,ED5-8,Tertiary education (levels 5-8),RO,Romania,2021,,18.8,,b,break in time series,,
dataflow,ESTAT:EDAT_LFSE_03(1.0),Population in private households by educational attainment level,A,Annual,T,Total,Y25-64,From 25 to 64 years,PC,Percentage,ED5-8,Tertiary education (levels 5-8),RO,Romania,2022,,19.7,,,,,
dataflow,ESTAT:EDAT_LFSE_03(1.0),Population in private households by educational attainment level,A,Annual,T,Total,Y25-64,From 25 to 64 years,PC,Percentage,ED5-8,Tertiary education (levels 5-8),RO,Romania,2023,,18.6,,,,,
dataflow,ESTAT:EDAT_LFSE_03(1.0),Population in private households by educational attainment level,A,Annual,T,Total,Y25-64,From 25 to 64 years,PC,Percentage,ED5-8,Tertiary education (levels 5-8),RS,Serbia,2013,,19.4,,,,,
dataflow,ESTAT:EDAT_LFSE_03(1.0),Population in private households by educational attainment level,A,Annual,T,Total,Y25-64,From 25 to 64 years,PC,Percentage,ED5-8,Tertiary education (levels 5-8),RS,Serbia,2014,,20.4,,b,break in time series,,
dataflow,ESTAT:EDAT_LFSE_03(1.0),Population in private households by educational attainment level,A,Annual,T,Total,Y25-64,From 25 to 64 years,PC,Percentage,ED5-8,Tertiary education (levels 5-8),RS,Serbia,2015,,21.5,,,,,
dataflow,ESTAT:EDAT_LFSE_03(1.0),Population in private households by educational attainment level,A,Annual,T,Total,Y25-64,From 25 to 64 years,PC,Percentage,ED5-8,Tertiary education (levels 5-8),RS,Serbia,2016,,22.4,,,,,
dataflow,ESTAT:EDAT_LFSE_03(1.0),Population in private households by educational attainment level,A,Annual,T,Total,Y25-64,From 25 to 64 years,PC,Percentage,ED5-8,Tertiary education (levels 5-8),RS,Serbia,2017,,22.7,,,,,
dataflow,ESTAT:EDAT_LFSE_03(1.0),Population in private households by educational attainment level,A,Annual,T,Total,Y25-64,From 25 to 64 years,PC,Percentage,ED5-8,Tertiary education (levels 5-8),RS,Serbia,2018,,23.6,,,,,
dataflow,ESTAT:EDAT_LFSE_03(1.0),Population in private households by educational attainment level,A,Annual,T,Total,Y25-64,From 25 to 64 years,PC,Percentage,ED5-8,Tertiary education (levels 5-8),RS,Serbia,2019,,23.9,,,,,
dataflow,ESTAT:EDAT_LFSE_03(1.0),Population in private households by educational attainment level,A,Annual,T,Total,Y25-64,From 25 to 64 years,PC,Percentage,ED5-8,Tertiary education (levels 5-8),RS,Serbia,2020,,24.1,,,,,
dataflow,ESTAT:EDAT_LFSE_03(1.0),Population in private households by educational attainment level,A,Annual,T,Total,Y25-64,From 25 to 64 years,PC,Percentage,ED5-8,Tertiary education (levels 5-8),RS,Serbia,2021,,25.4,,b,break in time series,,
dataflow,ESTAT:EDAT_LFSE_03(1.0),Population in private households by educational attainment level,A,Annual,T,Total,Y25-64,From 25 to 64 years,PC,Percentage,ED5-8,Tertiary education (levels 5-8),RS,Serbia,2022,,26.2,,,,,
dataflow,ESTAT:EDAT_LFSE_03(1.0),Population in private households by educational attainment level,A,Annual,T,Total,Y25-64,From 25 to 64 years,PC,Percentage,ED5-8,Tertiary education (levels 5-8),RS,Serbia,2023,,27.1,,,,,
dataflow,ESTAT:EDAT_LFSE_03(1.0),Population in private households by educational attainment level,A,Annual,T,Total,Y25-64,From 25 to 64 years,PC,Percentage,ED5-8,Tertiary education (levels 5-8),SE,Sweden,2013,,37.0,,,,,
dataflow,ESTAT:EDAT_LFSE_03(1.0),Population in private households by educational attainment level,A,Annual,T,Total,Y25-64,From 25 to 64 years,PC,Percentage,ED5-8,Tertiary education (levels 5-8),SE,Sweden,2014,,38.7,,b,break in time series,,
dataflow,ESTAT:EDAT_LFSE_03(1.0),Population in private households by educational attainment level,A,Annual,T,Total,Y25-64,From 25 to 64 years,PC,Percentage,ED5-8,Tertiary education (levels 5-8),SE,Sweden,2015,,39.8,,,,,
dataflow,ESTAT:EDAT_LFSE_03(1.0),Population in private households by educational attainment level,A,Annual,T,Total,Y25-64,From 25 to 64 years,PC,Percentage,ED5-8,Tertiary education (levels 5-8),SE,Sweden,2016,,41.1,,,,,
dataflow,ESTAT:EDAT_LFSE_03(1.0),Population in private households by educational attainment level,A,Annual,T,Total,Y25-64,From 25 to 64 years,PC,Percentage,ED5-8,Tertiary education (levels 5-8),SE,Sweden,2017,,41.9,,,,,
dataflow,ESTAT:EDAT_LFSE_03(1.0),Population in private households by educational attainment level,A,Annual,T,Total,Y25-64,From 25 to 64 years,PC,Percentage,ED5-8,Tertiary education (levels 5-8),SE,Sweden,2018,,43.2,,b,break in time series,,
dataflow,ESTAT:EDAT_LFSE_03(1.0),Population in private households by educational attainment level,A,Annual,T,Total,Y25-64,From 25 to 64 years,PC,Percentage,ED5-8,Tertiary education (levels 5-8),SE,Sweden,2019,,44.0,,,,,
dataflow,ESTAT:EDAT_LFSE_03(1.0),Population in private households by educational attainment level,A,Annual,T,Total,Y25-64,From 25 to 64 years,PC,Percentage,ED5-8,Tertiary education (levels 5-8),SE,Sweden,2020,,44.6,,,,,
dataflow,ESTAT:EDAT_LFSE_03(1.0),Population in private households by educational attainment level,A,Annual,T,Total,Y25-64,From 25 to 64 years,PC,Percentage,ED5-8,Tertiary education (levels 5-8),SE,Sweden,2021,,46.6,,b,break in time series,,
dataflow,ESTAT:EDAT_LFSE_03(1.0),Population in private households by educational attainment level,A,Annual,T,Total,Y25-64,From 25 to 64 years,PC,Percentage,ED5-8,Tertiary education (levels 5-8),SE,Sweden,2022,,48.5,,,,,
dataflow,ESTAT:EDAT_LFSE_03(1.0),Population in private households by educational attainment level,A,Annual,T,Total,Y25-64,From 25 to 64 years,PC,Percentage,ED5-8,Tertiary education (levels 5-8),SE,Sweden,2023,,49.4,,,,,
dataflow,ESTAT:EDAT_LFSE_03(1.0),Population in private households by educational attainment level,A,Annual,T,Total,Y25-64,From 25 to 64 years,PC,Percentage,ED5-8,Tertiary education (levels 5-8),SI,Slovenia,2013,,27.9,,,,,
dataflow,ESTAT:EDAT_LFSE_03(1.0),Population in private households by educational attainment level,A,Annual,T,Total,Y25-64,From 25 to 64 years,PC,Percentage,ED5-8,Tertiary education (levels 5-8),SI,Slovenia,2014,,28.6,,b,break in time series,,
dataflow,ESTAT:EDAT_LFSE_03(1.0),Population in private households by educational attainment level,A,Annual,T,Total,Y25-64,From 25 to 64 years,PC,Percentage,ED5-8,Tertiary education (levels 5-8),SI,Slovenia,2015,,30.2,,,,,
dataflow,ESTAT:EDAT_LFSE_03(1.0),Population in private households by educational attainment level,A,Annual,T,Total,Y25-64,From 25 to 64 years,PC,Percentage,ED5-8,Tertiary education (levels 5-8),SI,Slovenia,2016,,30.7,,,,,
dataflow,ESTAT:EDAT_LFSE_03(1.0),Population in private households by educational attainment level,A,Annual,T,Total,Y25-64,From 25 to 64 years,PC,Percentage,ED5-8,Tertiary education (levels 5-8),SI,Slovenia,2017,,32.5,,,,,
dataflow,ESTAT:EDAT_LFSE_03(1.0),Population in private households by educational attainment level,A,Annual,T,Total,Y25-64,From 25 to 64 years,PC,Percentage,ED5-8,Tertiary education (levels 5-8),SI,Slovenia,2018,,32.5,,,,,
dataflow,ESTAT:EDAT_LFSE_03(1.0),Population in private households by educational attainment level,A,Annual,T,Total,Y25-64,From 25 to 64 years,PC,Percentage,ED5-8,Tertiary education (levels 5-8),SI,Slovenia,2019,,33.3,,,,,
dataflow,ESTAT:EDAT_LFSE_03(1.0),Population in private households by educational attainment level,A,Annual,T,Total,Y25-64,From 25 to 64 years,PC,Percentage,ED5-8,Tertiary education (levels 5-8),SI,Slovenia,2020,,35.9,,,,,
dataflow,ESTAT:EDAT_LFSE_03(1.0),Population in private households by educational attainment level,A,Annual,T,Total,Y25-64,From 25 to 64 years,PC,Percentage,ED5-8,Tertiary education (levels 5-8),SI,Slovenia,2021,,40.3,,b,break in time series,,
dataflow,ESTAT:EDAT_LFSE_03(1.0),Population in private households by educational attainment level,A,Annual,T,Total,Y25-64,From 25 to 64 years,PC,Percentage,ED5-8,Tertiary education (levels 5-8),SI,Slovenia,2022,,40.1,,,,,
dataflow,ESTAT:EDAT_LFSE_03(1.0),Population in private households by educational attainment level,A,Annual,T,Total,Y25-64,From 25 to 64 years,PC,Percentage,ED5-8,Tertiary education (levels 5-8),SI,Slovenia,2023,,33.8,,b,break in time series,,
dataflow,ESTAT:EDAT_LFSE_03(1.0),Population in private households by educational attainment level,A,Annual,T,Total,Y25-64,From 25 to 64 years,PC,Percentage,ED5-8,Tertiary education (levels 5-8),SK,Slovakia,2013,,19.9,,,,,
dataflow,ESTAT:EDAT_LFSE_03(1.0),Population in private households by educational attainment level,A,Annual,T,Total,Y25-64,From 25 to 64 years,PC,Percentage,ED5-8,Tertiary education (levels 5-8),SK,Slovakia,2014,,20.4,,b,break in time series,,
dataflow,ESTAT:EDAT_LFSE_03(1.0),Population in private households by educational attainment level,A,Annual,T,Total,Y25-64,From 25 to 64 years,PC,Percentage,ED5-8,Tertiary education (levels 5-8),SK,Slovakia,2015,,21.1,,,,,
dataflow,ESTAT:EDAT_LFSE_03(1.0),Population in private households by educational attainment level,A,Annual,T,Total,Y25-64,From 25 to 64 years,PC,Percentage,ED5-8,Tertiary education (levels 5-8),SK,Slovakia,2016,,22.0,,,,,
dataflow,ESTAT:EDAT_LFSE_03(1.0),Population in private households by educational attainment level,A,Annual,T,Total,Y25-64,From 25 to 64 years,PC,Percentage,ED5-8,Tertiary education (levels 5-8),SK,Slovakia,2017,,23.1,,,,,
dataflow,ESTAT:EDAT_LFSE_03(1.0),Population in private households by educational attainment level,A,Annual,T,Total,Y25-64,From 25 to 64 years,PC,Percentage,ED5-8,Tertiary education (levels 5-8),SK,Slovakia,2018,,24.6,,,,,
dataflow,ESTAT:EDAT_LFSE_03(1.0),Population in private households by educational attainment level,A,Annual,T,Total,Y25-64,From 25 to 64 years,PC,Percentage,ED5-8,Tertiary education (levels 5-8),SK,Slovakia,2019,,25.8,,,,,
dataflow,ESTAT:EDAT_LFSE_03(1.0),Population in private households by educational attainment level,A,Annual,T,Total,Y25-64,From 25 to 64 years,PC,Percentage,ED5-8,Tertiary education (levels 5-8),SK,Slovakia,2020,,26.8,,,,,
dataflow,ESTAT:EDAT_LFSE_03(1.0),Population in private households by educational attainment level,A,Annual,T,Total,Y25-64,From 25 to 64 years,PC,Percentage,ED5-8,Tertiary education (levels 5-8),SK,Slovakia,2021,,27.9,,b,break in time series,,
dataflow,ESTAT:EDAT_LFSE_03(1.0),Population in private households by educational attainment level,A,Annual,T,Total,Y25-64,From 25 to 64 years,PC,Percentage,ED5-8,Tertiary education (levels 5-8),SK,Slovakia,2022,,29.2,,,,,
dataflow,ESTAT:EDAT_LFSE_03(1.0),Population in private households by educational attainment level,A,Annual,T,Total,Y25-64,From 25 to 64 years,PC,Percentage,ED5-8,Tertiary education (levels 5-8),SK,Slovakia,2023,,28.8,,,,,
dataflow,ESTAT:EDAT_LFSE_03(1.0),Population in private households by educational attainment level,A,Annual,T,Total,Y25-64,From 25 to 64 years,PC,Percentage,ED5-8,Tertiary education (levels 5-8),TR,Trkiye,2013,,14.6,,,,,
dataflow,ESTAT:EDAT_LFSE_03(1.0),Population in private households by educational attainment level,A,Annual,T,Total,Y25-64,From 25 to 64 years,PC,Percentage,ED5-8,Tertiary education (levels 5-8),TR,Trkiye,2014,,15.3,,b,break in time series,,
dataflow,ESTAT:EDAT_LFSE_03(1.0),Population in private households by educational attainment level,A,Annual,T,Total,Y25-64,From 25 to 64 years,PC,Percentage,ED5-8,Tertiary education (levels 5-8),TR,Trkiye,2015,,16.6,,,,,
dataflow,ESTAT:EDAT_LFSE_03(1.0),Population in private households by educational attainment level,A,Annual,T,Total,Y25-64,From 25 to 64 years,PC,Percentage,ED5-8,Tertiary education (levels 5-8),TR,Trkiye,2016,,17.9,,,,,
dataflow,ESTAT:EDAT_LFSE_03(1.0),Population in private households by educational attainment level,A,Annual,T,Total,Y25-64,From 25 to 64 years,PC,Percentage,ED5-8,Tertiary education (levels 5-8),TR,Trkiye,2017,,18.6,,,,,
dataflow,ESTAT:EDAT_LFSE_03(1.0),Population in private households by educational attainment level,A,Annual,T,Total,Y25-64,From 25 to 64 years,PC,Percentage,ED5-8,Tertiary education (levels 5-8),TR,Trkiye,2018,,19.3,,,,,
dataflow,ESTAT:EDAT_LFSE_03(1.0),Population in private households by educational attainment level,A,Annual,T,Total,Y25-64,From 25 to 64 years,PC,Percentage,ED5-8,Tertiary education (levels 5-8),TR,Trkiye,2019,,20.5,,,,,
dataflow,ESTAT:EDAT_LFSE_03(1.0),Population in private households by educational attainment level,A,Annual,T,Total,Y25-64,From 25 to 64 years,PC,Percentage,ED5-8,Tertiary education (levels 5-8),TR,Trkiye,2020,,22.0,,,,,
dataflow,ESTAT:EDAT_LFSE_03(1.0),Population in private households by educational attainment level,A,Annual,T,Total,Y25-64,From 25 to 64 years,PC,Percentage,ED5-8,Tertiary education (levels 5-8),TR,Trkiye,2021,,23.0,,b,break in time series,,
dataflow,ESTAT:EDAT_LFSE_03(1.0),Population in private households by educational attainment level,A,Annual,T,Total,Y25-64,From 25 to 64 years,PC,Percentage,ED5-8,Tertiary education (levels 5-8),TR,Trkiye,2022,,23.6,,,,,
dataflow,ESTAT:EDAT_LFSE_03(1.0),Population in private households by educational attainment level,A,Annual,T,Total,Y25-64,From 25 to 64 years,PC,Percentage,ED5-8,Tertiary education (levels 5-8),TR,Trkiye,2023,,24.6,,,,,
dataflow,ESTAT:EDAT_LFSE_03(1.0),Population in private households by educational attainment level,A,Annual,T,Total,Y25-64,From 25 to 64 years,PC,Percentage,ED5-8,Tertiary education (levels 5-8),UK,United Kingdom,2013,,39.6,,,,,
dataflow,ESTAT:EDAT_LFSE_03(1.0),Population in private households by educational attainment level,A,Annual,T,Total,Y25-64,From 25 to 64 years,PC,Percentage,ED5-8,Tertiary education (levels 5-8),UK,United Kingdom,2014,,40.6,,b,break in time series,,
dataflow,ESTAT:EDAT_LFSE_03(1.0),Population in private households by educational attainment level,A,Annual,T,Total,Y25-64,From 25 to 64 years,PC,Percentage,ED5-8,Tertiary education (levels 5-8),UK,United Kingdom,2015,,41.6,,,,,
dataflow,ESTAT:EDAT_LFSE_03(1.0),Population in private households by educational attainment level,A,Annual,T,Total,Y25-64,From 25 to 64 years,PC,Percentage,ED5-8,Tertiary education (levels 5-8),UK,United Kingdom,2016,,42.3,,,,,
dataflow,ESTAT:EDAT_LFSE_03(1.0),Population in private households by educational attainment level,A,Annual,T,Total,Y25-64,From 25 to 64 years,PC,Percentage,ED5-8,Tertiary education (levels 5-8),UK,United Kingdom,2017,,42.7,,,,,
dataflow,ESTAT:EDAT_LFSE_03(1.0),Population in private households by educational attainment level,A,Annual,T,Total,Y25-64,From 25 to 64 years,PC,Percentage,ED5-8,Tertiary education (levels 5-8),UK,United Kingdom,2018,,43.2,,,,,
dataflow,ESTAT:EDAT_LFSE_03(1.0),Population in private households by educational attainment level,A,Annual,T,Total,Y25-64,From 25 to 64 years,PC,Percentage,ED5-8,Tertiary education (levels 5-8),UK,United Kingdom,2019,,44.7,,,,,
