STRUCTURE,STRUCTURE_ID,STRUCTURE_NAME,freq,Time frequency,unit,Unit of measure,na_item,National accounts indicator (ESA 2010),geo,Geopolitical entity (reporting),TIME_PERIOD,Time,OBS_VALUE,Observation value,OBS_FLAG,Observation status (Flag) V2 structure,CONF_STATUS,Confidentiality status (flag)
dataflow,ESTAT:SDG_08_10(1.0),Real GDP per capita,A,Annual,CLV20_EUR_HAB,"Chain linked volumes (2020), euro per capita",B1GQ,Gross domestic product at market prices,AT,Austria,2013,,43080,,,,,
dataflow,ESTAT:SDG_08_10(1.0),Real GDP per capita,A,Annual,CLV20_EUR_HAB,"Chain linked volumes (2020), euro per capita",B1GQ,Gross domestic product at market prices,AT,Austria,2014,,43070,,,,,
dataflow,ESTAT:SDG_08_10(1.0),Real GDP per capita,A,Annual,CLV20_EUR_HAB,"Chain linked volumes (2020), euro per capita",B1GQ,Gross domestic product at market prices,AT,Austria,2015,,43200,,,,,
dataflow,ESTAT:SDG_08_10(1.0),Real GDP per capita,A,Annual,CLV20_EUR_HAB,"Chain linked volumes (2020), euro per capita",B1GQ,Gross domestic product at market prices,AT,Austria,2016,,43550,,,,,
dataflow,ESTAT:SDG_08_10(1.0),Real GDP per capita,A,Annual,CLV20_EUR_HAB,"Chain linked volumes (2020), euro per capita",B1GQ,Gross domestic product at market prices,AT,Austria,2017,,44260,,,,,
dataflow,ESTAT:SDG_08_10(1.0),Real GDP per capita,A,Annual,CLV20_EUR_HAB,"Chain linked volumes (2020), euro per capita",B1GQ,Gross domestic product at market prices,AT,Austria,2018,,45140,,,,,
dataflow,ESTAT:SDG_08_10(1.0),Real GDP per capita,A,Annual,CLV20_EUR_HAB,"Chain linked volumes (2020), euro per capita",B1GQ,Gross domestic product at market prices,AT,Austria,2019,,45730,,,,,
dataflow,ESTAT:SDG_08_10(1.0),Real GDP per capita,A,Annual,CLV20_EUR_HAB,"Chain linked volumes (2020), euro per capita",B1GQ,Gross domestic product at market prices,AT,Austria,2020,,42650,,,,,
dataflow,ESTAT:SDG_08_10(1.0),Real GDP per capita,A,Annual,CLV20_EUR_HAB,"Chain linked volumes (2020), euro per capita",B1GQ,Gross domestic product at market prices,AT,Austria,2021,,44580,,,,,
dataflow,ESTAT:SDG_08_10(1.0),Real GDP per capita,A,Annual,CLV20_EUR_HAB,"Chain linked volumes (2020), euro per capita",B1GQ,Gross domestic product at market prices,AT,Austria,2022,,46430,,,,,
dataflow,ESTAT:SDG_08_10(1.0),Real GDP per capita,A,Annual,CLV20_EUR_HAB,"Chain linked volumes (2020), euro per capita",B1GQ,Gross domestic product at market prices,AT,Austria,2023,,45670,,,,,
dataflow,ESTAT:SDG_08_10(1.0),Real GDP per capita,A,Annual,CLV20_EUR_HAB,"Chain linked volumes (2020), euro per capita",B1GQ,Gross domestic product at market prices,BA,Bosnia and Herzegovina,2013,,0,,,,,
dataflow,ESTAT:SDG_08_10(1.0),Real GDP per capita,A,Annual,CLV20_EUR_HAB,"Chain linked volumes (2020), euro per capita",B1GQ,Gross domestic product at market prices,BA,Bosnia and Herzegovina,2014,,0,,,,,
dataflow,ESTAT:SDG_08_10(1.0),Real GDP per capita,A,Annual,CLV20_EUR_HAB,"Chain linked volumes (2020), euro per capita",B1GQ,Gross domestic product at market prices,BA,Bosnia and Herzegovina,2015,,0,,b,break in time series,,
dataflow,ESTAT:SDG_08_10(1.0),Real GDP per capita,A,Annual,CLV20_EUR_HAB,"Chain linked volumes (2020), euro per capita",B1GQ,Gross domestic product at market prices,BA,Bosnia and Herzegovina,2016,,0,,,,,
dataflow,ESTAT:SDG_08_10(1.0),Real GDP per capita,A,Annual,CLV20_EUR_HAB,"Chain linked volumes (2020), euro per capita",B1GQ,Gross domestic product at market prices,BA,Bosnia and Herzegovina,2017,,0,,,,,
dataflow,ESTAT:SDG_08_10(1.0),Real GDP per capita,A,Annual,CLV20_EUR_HAB,"Chain linked volumes (2020), euro per capita",B1GQ,Gross domestic product at market prices,BA,Bosnia and Herzegovina,2018,,10,,,,,
dataflow,ESTAT:SDG_08_10(1.0),Real GDP per capita,A,Annual,CLV20_EUR_HAB,"Chain linked volumes (2020), euro per capita",B1GQ,Gross domestic product at market prices,BA,Bosnia and Herzegovina,2019,,10,,,,,
dataflow,ESTAT:SDG_08_10(1.0),Real GDP per capita,A,Annual,CLV20_EUR_HAB,"Chain linked volumes (2020), euro per capita",B1GQ,Gross domestic product at market prices,BA,Bosnia and Herzegovina,2020,,10,,,,,
dataflow,ESTAT:SDG_08_10(1.0),Real GDP per capita,A,Annual,CLV20_EUR_HAB,"Chain linked volumes (2020), euro per capita",B1GQ,Gross domestic product at market prices,BA,Bosnia and Herzegovina,2021,,10,,,,,
dataflow,ESTAT:SDG_08_10(1.0),Real GDP per capita,A,Annual,CLV20_EUR_HAB,"Chain linked volumes (2020), euro per capita",B1GQ,Gross domestic product at market prices,BA,Bosnia and Herzegovina,2022,,10,,,,,
dataflow,ESTAT:SDG_08_10(1.0),Real GDP per capita,A,Annual,CLV20_EUR_HAB,"Chain linked volumes (2020), euro per capita",B1GQ,Gross domestic product at market prices,BA,Bosnia and Herzegovina,2023,,10,,,,,
dataflow,ESTAT:SDG_08_10(1.0),Real GDP per capita,A,Annual,CLV20_EUR_HAB,"Chain linked volumes (2020), euro per capita",B1GQ,Gross domestic product at market prices,BE,Belgium,2013,,39440,,,,,
dataflow,ESTAT:SDG_08_10(1.0),Real GDP per capita,A,Annual,CLV20_EUR_HAB,"Chain linked volumes (2020), euro per capita",B1GQ,Gross domestic product at market prices,BE,Belgium,2014,,39960,,,,,
dataflow,ESTAT:SDG_08_10(1.0),Real GDP per capita,A,Annual,CLV20_EUR_HAB,"Chain linked volumes (2020), euro per capita",B1GQ,Gross domestic product at market prices,BE,Belgium,2015,,40310,,,,,
dataflow,ESTAT:SDG_08_10(1.0),Real GDP per capita,A,Annual,CLV20_EUR_HAB,"Chain linked volumes (2020), euro per capita",B1GQ,Gross domestic product at market prices,BE,Belgium,2016,,40590,,,,,
dataflow,ESTAT:SDG_08_10(1.0),Real GDP per capita,A,Annual,CLV20_EUR_HAB,"Chain linked volumes (2020), euro per capita",B1GQ,Gross domestic product at market prices,BE,Belgium,2017,,41030,,,,,
dataflow,ESTAT:SDG_08_10(1.0),Real GDP per capita,A,Annual,CLV20_EUR_HAB,"Chain linked volumes (2020), euro per capita",B1GQ,Gross domestic product at market prices,BE,Belgium,2018,,41610,,,,,
dataflow,ESTAT:SDG_08_10(1.0),Real GDP per capita,A,Annual,CLV20_EUR_HAB,"Chain linked volumes (2020), euro per capita",B1GQ,Gross domestic product at market prices,BE,Belgium,2019,,42400,,,,,
dataflow,ESTAT:SDG_08_10(1.0),Real GDP per capita,A,Annual,CLV20_EUR_HAB,"Chain linked volumes (2020), euro per capita",B1GQ,Gross domestic product at market prices,BE,Belgium,2020,,40190,,,,,
dataflow,ESTAT:SDG_08_10(1.0),Real GDP per capita,A,Annual,CLV20_EUR_HAB,"Chain linked volumes (2020), euro per capita",B1GQ,Gross domestic product at market prices,BE,Belgium,2021,,42530,,,,,
dataflow,ESTAT:SDG_08_10(1.0),Real GDP per capita,A,Annual,CLV20_EUR_HAB,"Chain linked volumes (2020), euro per capita",B1GQ,Gross domestic product at market prices,BE,Belgium,2022,,43860,,,,,
dataflow,ESTAT:SDG_08_10(1.0),Real GDP per capita,A,Annual,CLV20_EUR_HAB,"Chain linked volumes (2020), euro per capita",B1GQ,Gross domestic product at market prices,BE,Belgium,2023,,44230,,,,,
dataflow,ESTAT:SDG_08_10(1.0),Real GDP per capita,A,Annual,CLV20_EUR_HAB,"Chain linked volumes (2020), euro per capita",B1GQ,Gross domestic product at market prices,BG,Bulgaria,2013,,7600,,,,,
dataflow,ESTAT:SDG_08_10(1.0),Real GDP per capita,A,Annual,CLV20_EUR_HAB,"Chain linked volumes (2020), euro per capita",B1GQ,Gross domestic product at market prices,BG,Bulgaria,2014,,7770,,,,,
dataflow,ESTAT:SDG_08_10(1.0),Real GDP per capita,A,Annual,CLV20_EUR_HAB,"Chain linked volumes (2020), euro per capita",B1GQ,Gross domestic product at market prices,BG,Bulgaria,2015,,8130,,,,,
dataflow,ESTAT:SDG_08_10(1.0),Real GDP per capita,A,Annual,CLV20_EUR_HAB,"Chain linked volumes (2020), euro per capita",B1GQ,Gross domestic product at market prices,BG,Bulgaria,2016,,8490,,,,,
dataflow,ESTAT:SDG_08_10(1.0),Real GDP per capita,A,Annual,CLV20_EUR_HAB,"Chain linked volumes (2020), euro per capita",B1GQ,Gross domestic product at market prices,BG,Bulgaria,2017,,8840,,,,,
dataflow,ESTAT:SDG_08_10(1.0),Real GDP per capita,A,Annual,CLV20_EUR_HAB,"Chain linked volumes (2020), euro per capita",B1GQ,Gross domestic product at market prices,BG,Bulgaria,2018,,9170,,,,,
dataflow,ESTAT:SDG_08_10(1.0),Real GDP per capita,A,Annual,CLV20_EUR_HAB,"Chain linked volumes (2020), euro per capita",B1GQ,Gross domestic product at market prices,BG,Bulgaria,2019,,9650,,,,,
dataflow,ESTAT:SDG_08_10(1.0),Real GDP per capita,A,Annual,CLV20_EUR_HAB,"Chain linked volumes (2020), euro per capita",B1GQ,Gross domestic product at market prices,BG,Bulgaria,2020,,9440,,,,,
dataflow,ESTAT:SDG_08_10(1.0),Real GDP per capita,A,Annual,CLV20_EUR_HAB,"Chain linked volumes (2020), euro per capita",B1GQ,Gross domestic product at market prices,BG,Bulgaria,2021,,10250,,,,,
dataflow,ESTAT:SDG_08_10(1.0),Real GDP per capita,A,Annual,CLV20_EUR_HAB,"Chain linked volumes (2020), euro per capita",B1GQ,Gross domestic product at market prices,BG,Bulgaria,2022,,10740,,,,,
dataflow,ESTAT:SDG_08_10(1.0),Real GDP per capita,A,Annual,CLV20_EUR_HAB,"Chain linked volumes (2020), euro per capita",B1GQ,Gross domestic product at market prices,BG,Bulgaria,2023,,10950,,,,,
dataflow,ESTAT:SDG_08_10(1.0),Real GDP per capita,A,Annual,CLV20_EUR_HAB,"Chain linked volumes (2020), euro per capita",B1GQ,Gross domestic product at market prices,CH,Switzerland,2013,,74650,,,,,
dataflow,ESTAT:SDG_08_10(1.0),Real GDP per capita,A,Annual,CLV20_EUR_HAB,"Chain linked volumes (2020), euro per capita",B1GQ,Gross domestic product at market prices,CH,Switzerland,2014,,75620,,,,,
dataflow,ESTAT:SDG_08_10(1.0),Real GDP per capita,A,Annual,CLV20_EUR_HAB,"Chain linked volumes (2020), euro per capita",B1GQ,Gross domestic product at market prices,CH,Switzerland,2015,,75780,,,,,
dataflow,ESTAT:SDG_08_10(1.0),Real GDP per capita,A,Annual,CLV20_EUR_HAB,"Chain linked volumes (2020), euro per capita",B1GQ,Gross domestic product at market prices,CH,Switzerland,2016,,76410,,,,,
dataflow,ESTAT:SDG_08_10(1.0),Real GDP per capita,A,Annual,CLV20_EUR_HAB,"Chain linked volumes (2020), euro per capita",B1GQ,Gross domestic product at market prices,CH,Switzerland,2017,,76770,,,,,
dataflow,ESTAT:SDG_08_10(1.0),Real GDP per capita,A,Annual,CLV20_EUR_HAB,"Chain linked volumes (2020), euro per capita",B1GQ,Gross domestic product at market prices,CH,Switzerland,2018,,78760,,,,,
dataflow,ESTAT:SDG_08_10(1.0),Real GDP per capita,A,Annual,CLV20_EUR_HAB,"Chain linked volumes (2020), euro per capita",B1GQ,Gross domestic product at market prices,CH,Switzerland,2019,,79070,,,,,
dataflow,ESTAT:SDG_08_10(1.0),Real GDP per capita,A,Annual,CLV20_EUR_HAB,"Chain linked volumes (2020), euro per capita",B1GQ,Gross domestic product at market prices,CH,Switzerland,2020,,76710,,,,,
dataflow,ESTAT:SDG_08_10(1.0),Real GDP per capita,A,Annual,CLV20_EUR_HAB,"Chain linked volumes (2020), euro per capita",B1GQ,Gross domestic product at market prices,CH,Switzerland,2021,,80850,,,,,
dataflow,ESTAT:SDG_08_10(1.0),Real GDP per capita,A,Annual,CLV20_EUR_HAB,"Chain linked volumes (2020), euro per capita",B1GQ,Gross domestic product at market prices,CH,Switzerland,2022,,83000,,,,,
dataflow,ESTAT:SDG_08_10(1.0),Real GDP per capita,A,Annual,CLV20_EUR_HAB,"Chain linked volumes (2020), euro per capita",B1GQ,Gross domestic product at market prices,CH,Switzerland,2023,,82440,,p,provisional,,
dataflow,ESTAT:SDG_08_10(1.0),Real GDP per capita,A,Annual,CLV20_EUR_HAB,"Chain linked volumes (2020), euro per capita",B1GQ,Gross domestic product at market prices,CY,Cyprus,2013,,20830,,,,,
dataflow,ESTAT:SDG_08_10(1.0),Real GDP per capita,A,Annual,CLV20_EUR_HAB,"Chain linked volumes (2020), euro per capita",B1GQ,Gross domestic product at market prices,CY,Cyprus,2014,,20490,,,,,
dataflow,ESTAT:SDG_08_10(1.0),Real GDP per capita,A,Annual,CLV20_EUR_HAB,"Chain linked volumes (2020), euro per capita",B1GQ,Gross domestic product at market prices,CY,Cyprus,2015,,21140,,,,,
dataflow,ESTAT:SDG_08_10(1.0),Real GDP per capita,A,Annual,CLV20_EUR_HAB,"Chain linked volumes (2020), euro per capita",B1GQ,Gross domestic product at market prices,CY,Cyprus,2016,,22410,,,,,
dataflow,ESTAT:SDG_08_10(1.0),Real GDP per capita,A,Annual,CLV20_EUR_HAB,"Chain linked volumes (2020), euro per capita",B1GQ,Gross domestic product at market prices,CY,Cyprus,2017,,23500,,,,,
dataflow,ESTAT:SDG_08_10(1.0),Real GDP per capita,A,Annual,CLV20_EUR_HAB,"Chain linked volumes (2020), euro per capita",B1GQ,Gross domestic product at market prices,CY,Cyprus,2018,,24690,,,,,
dataflow,ESTAT:SDG_08_10(1.0),Real GDP per capita,A,Annual,CLV20_EUR_HAB,"Chain linked volumes (2020), euro per capita",B1GQ,Gross domestic product at market prices,CY,Cyprus,2019,,25790,,,,,
dataflow,ESTAT:SDG_08_10(1.0),Real GDP per capita,A,Annual,CLV20_EUR_HAB,"Chain linked volumes (2020), euro per capita",B1GQ,Gross domestic product at market prices,CY,Cyprus,2020,,24630,,,,,
dataflow,ESTAT:SDG_08_10(1.0),Real GDP per capita,A,Annual,CLV20_EUR_HAB,"Chain linked volumes (2020), euro per capita",B1GQ,Gross domestic product at market prices,CY,Cyprus,2021,,27030,,,,,
dataflow,ESTAT:SDG_08_10(1.0),Real GDP per capita,A,Annual,CLV20_EUR_HAB,"Chain linked volumes (2020), euro per capita",B1GQ,Gross domestic product at market prices,CY,Cyprus,2022,,28730,,,,,
dataflow,ESTAT:SDG_08_10(1.0),Real GDP per capita,A,Annual,CLV20_EUR_HAB,"Chain linked volumes (2020), euro per capita",B1GQ,Gross domestic product at market prices,CY,Cyprus,2023,,29200,,,,,
dataflow,ESTAT:SDG_08_10(1.0),Real GDP per capita,A,Annual,CLV20_EUR_HAB,"Chain linked volumes (2020), euro per capita",B1GQ,Gross domestic product at market prices,CZ,Czechia,2013,,17970,,,,,
dataflow,ESTAT:SDG_08_10(1.0),Real GDP per capita,A,Annual,CLV20_EUR_HAB,"Chain linked volumes (2020), euro per capita",B1GQ,Gross domestic product at market prices,CZ,Czechia,2014,,18370,,,,,
dataflow,ESTAT:SDG_08_10(1.0),Real GDP per capita,A,Annual,CLV20_EUR_HAB,"Chain linked volumes (2020), euro per capita",B1GQ,Gross domestic product at market prices,CZ,Czechia,2015,,19270,,,,,
dataflow,ESTAT:SDG_08_10(1.0),Real GDP per capita,A,Annual,CLV20_EUR_HAB,"Chain linked volumes (2020), euro per capita",B1GQ,Gross domestic product at market prices,CZ,Czechia,2016,,19760,,,,,
dataflow,ESTAT:SDG_08_10(1.0),Real GDP per capita,A,Annual,CLV20_EUR_HAB,"Chain linked volumes (2020), euro per capita",B1GQ,Gross domestic product at market prices,CZ,Czechia,2017,,20760,,,,,
dataflow,ESTAT:SDG_08_10(1.0),Real GDP per capita,A,Annual,CLV20_EUR_HAB,"Chain linked volumes (2020), euro per capita",B1GQ,Gross domestic product at market prices,CZ,Czechia,2018,,21320,,,,,
dataflow,ESTAT:SDG_08_10(1.0),Real GDP per capita,A,Annual,CLV20_EUR_HAB,"Chain linked volumes (2020), euro per capita",B1GQ,Gross domestic product at market prices,CZ,Czechia,2019,,22050,,,,,
dataflow,ESTAT:SDG_08_10(1.0),Real GDP per capita,A,Annual,CLV20_EUR_HAB,"Chain linked volumes (2020), euro per capita",B1GQ,Gross domestic product at market prices,CZ,Czechia,2020,,20980,,,,,
dataflow,ESTAT:SDG_08_10(1.0),Real GDP per capita,A,Annual,CLV20_EUR_HAB,"Chain linked volumes (2020), euro per capita",B1GQ,Gross domestic product at market prices,CZ,Czechia,2021,,21830,,,,,
dataflow,ESTAT:SDG_08_10(1.0),Real GDP per capita,A,Annual,CLV20_EUR_HAB,"Chain linked volumes (2020), euro per capita",B1GQ,Gross domestic product at market prices,CZ,Czechia,2022,,21910,,,,,
dataflow,ESTAT:SDG_08_10(1.0),Real GDP per capita,A,Annual,CLV20_EUR_HAB,"Chain linked volumes (2020), euro per capita",B1GQ,Gross domestic product at market prices,CZ,Czechia,2023,,21680,,,,,
dataflow,ESTAT:SDG_08_10(1.0),Real GDP per capita,A,Annual,CLV20_EUR_HAB,"Chain linked volumes (2020), euro per capita",B1GQ,Gross domestic product at market prices,DE,Germany,2013,,40100,,,,,
dataflow,ESTAT:SDG_08_10(1.0),Real GDP per capita,A,Annual,CLV20_EUR_HAB,"Chain linked volumes (2020), euro per capita",B1GQ,Gross domestic product at market prices,DE,Germany,2014,,40850,,,,,
dataflow,ESTAT:SDG_08_10(1.0),Real GDP per capita,A,Annual,CLV20_EUR_HAB,"Chain linked volumes (2020), euro per capita",B1GQ,Gross domestic product at market prices,DE,Germany,2015,,41230,,,,,
dataflow,ESTAT:SDG_08_10(1.0),Real GDP per capita,A,Annual,CLV20_EUR_HAB,"Chain linked volumes (2020), euro per capita",B1GQ,Gross domestic product at market prices,DE,Germany,2016,,41880,,,,,
dataflow,ESTAT:SDG_08_10(1.0),Real GDP per capita,A,Annual,CLV20_EUR_HAB,"Chain linked volumes (2020), euro per capita",B1GQ,Gross domestic product at market prices,DE,Germany,2017,,42960,,,,,
dataflow,ESTAT:SDG_08_10(1.0),Real GDP per capita,A,Annual,CLV20_EUR_HAB,"Chain linked volumes (2020), euro per capita",B1GQ,Gross domestic product at market prices,DE,Germany,2018,,43390,,,,,
dataflow,ESTAT:SDG_08_10(1.0),Real GDP per capita,A,Annual,CLV20_EUR_HAB,"Chain linked volumes (2020), euro per capita",B1GQ,Gross domestic product at market prices,DE,Germany,2019,,43790,,,,,
dataflow,ESTAT:SDG_08_10(1.0),Real GDP per capita,A,Annual,CLV20_EUR_HAB,"Chain linked volumes (2020), euro per capita",B1GQ,Gross domestic product at market prices,DE,Germany,2020,,42020,,,,,
dataflow,ESTAT:SDG_08_10(1.0),Real GDP per capita,A,Annual,CLV20_EUR_HAB,"Chain linked volumes (2020), euro per capita",B1GQ,Gross domestic product at market prices,DE,Germany,2021,,43730,,,,,
dataflow,ESTAT:SDG_08_10(1.0),Real GDP per capita,A,Annual,CLV20_EUR_HAB,"Chain linked volumes (2020), euro per capita",B1GQ,Gross domestic product at market prices,DE,Germany,2022,,44230,,p,provisional,,
dataflow,ESTAT:SDG_08_10(1.0),Real GDP per capita,A,Annual,CLV20_EUR_HAB,"Chain linked volumes (2020), euro per capita",B1GQ,Gross domestic product at market prices,DE,Germany,2023,,43450,,p,provisional,,
dataflow,ESTAT:SDG_08_10(1.0),Real GDP per capita,A,Annual,CLV20_EUR_HAB,"Chain linked volumes (2020), euro per capita",B1GQ,Gross domestic product at market prices,DK,Denmark,2013,,49750,,,,,
dataflow,ESTAT:SDG_08_10(1.0),Real GDP per capita,A,Annual,CLV20_EUR_HAB,"Chain linked volumes (2020), euro per capita",B1GQ,Gross domestic product at market prices,DK,Denmark,2014,,50110,,,,,
dataflow,ESTAT:SDG_08_10(1.0),Real GDP per capita,A,Annual,CLV20_EUR_HAB,"Chain linked volumes (2020), euro per capita",B1GQ,Gross domestic product at market prices,DK,Denmark,2015,,50810,,,,,
dataflow,ESTAT:SDG_08_10(1.0),Real GDP per capita,A,Annual,CLV20_EUR_HAB,"Chain linked volumes (2020), euro per capita",B1GQ,Gross domestic product at market prices,DK,Denmark,2016,,51950,,,,,
dataflow,ESTAT:SDG_08_10(1.0),Real GDP per capita,A,Annual,CLV20_EUR_HAB,"Chain linked volumes (2020), euro per capita",B1GQ,Gross domestic product at market prices,DK,Denmark,2017,,53200,,,,,
dataflow,ESTAT:SDG_08_10(1.0),Real GDP per capita,A,Annual,CLV20_EUR_HAB,"Chain linked volumes (2020), euro per capita",B1GQ,Gross domestic product at market prices,DK,Denmark,2018,,53920,,,,,
dataflow,ESTAT:SDG_08_10(1.0),Real GDP per capita,A,Annual,CLV20_EUR_HAB,"Chain linked volumes (2020), euro per capita",B1GQ,Gross domestic product at market prices,DK,Denmark,2019,,54630,,,,,
dataflow,ESTAT:SDG_08_10(1.0),Real GDP per capita,A,Annual,CLV20_EUR_HAB,"Chain linked volumes (2020), euro per capita",B1GQ,Gross domestic product at market prices,DK,Denmark,2020,,53540,,,,,
dataflow,ESTAT:SDG_08_10(1.0),Real GDP per capita,A,Annual,CLV20_EUR_HAB,"Chain linked volumes (2020), euro per capita",B1GQ,Gross domestic product at market prices,DK,Denmark,2021,,56780,,,,,
dataflow,ESTAT:SDG_08_10(1.0),Real GDP per capita,A,Annual,CLV20_EUR_HAB,"Chain linked volumes (2020), euro per capita",B1GQ,Gross domestic product at market prices,DK,Denmark,2022,,56530,,,,,
dataflow,ESTAT:SDG_08_10(1.0),Real GDP per capita,A,Annual,CLV20_EUR_HAB,"Chain linked volumes (2020), euro per capita",B1GQ,Gross domestic product at market prices,DK,Denmark,2023,,56470,,,,,
dataflow,ESTAT:SDG_08_10(1.0),Real GDP per capita,A,Annual,CLV20_EUR_HAB,"Chain linked volumes (2020), euro per capita",B1GQ,Gross domestic product at market prices,EE,Estonia,2013,,17630,,,,,
dataflow,ESTAT:SDG_08_10(1.0),Real GDP per capita,A,Annual,CLV20_EUR_HAB,"Chain linked volumes (2020), euro per capita",B1GQ,Gross domestic product at market prices,EE,Estonia,2014,,18280,,,,,
dataflow,ESTAT:SDG_08_10(1.0),Real GDP per capita,A,Annual,CLV20_EUR_HAB,"Chain linked volumes (2020), euro per capita",B1GQ,Gross domestic product at market prices,EE,Estonia,2015,,18650,,,,,
dataflow,ESTAT:SDG_08_10(1.0),Real GDP per capita,A,Annual,CLV20_EUR_HAB,"Chain linked volumes (2020), euro per capita",B1GQ,Gross domestic product at market prices,EE,Estonia,2016,,19190,,,,,
dataflow,ESTAT:SDG_08_10(1.0),Real GDP per capita,A,Annual,CLV20_EUR_HAB,"Chain linked volumes (2020), euro per capita",B1GQ,Gross domestic product at market prices,EE,Estonia,2017,,20270,,,,,
dataflow,ESTAT:SDG_08_10(1.0),Real GDP per capita,A,Annual,CLV20_EUR_HAB,"Chain linked volumes (2020), euro per capita",B1GQ,Gross domestic product at market prices,EE,Estonia,2018,,20970,,,,,
dataflow,ESTAT:SDG_08_10(1.0),Real GDP per capita,A,Annual,CLV20_EUR_HAB,"Chain linked volumes (2020), euro per capita",B1GQ,Gross domestic product at market prices,EE,Estonia,2019,,21650,,,,,
dataflow,ESTAT:SDG_08_10(1.0),Real GDP per capita,A,Annual,CLV20_EUR_HAB,"Chain linked volumes (2020), euro per capita",B1GQ,Gross domestic product at market prices,EE,Estonia,2020,,20960,,,,,
dataflow,ESTAT:SDG_08_10(1.0),Real GDP per capita,A,Annual,CLV20_EUR_HAB,"Chain linked volumes (2020), euro per capita",B1GQ,Gross domestic product at market prices,EE,Estonia,2021,,22670,,,,,
dataflow,ESTAT:SDG_08_10(1.0),Real GDP per capita,A,Annual,CLV20_EUR_HAB,"Chain linked volumes (2020), euro per capita",B1GQ,Gross domestic product at market prices,EE,Estonia,2022,,22370,,,,,
dataflow,ESTAT:SDG_08_10(1.0),Real GDP per capita,A,Annual,CLV20_EUR_HAB,"Chain linked volumes (2020), euro per capita",B1GQ,Gross domestic product at market prices,EE,Estonia,2023,,21210,,,,,
dataflow,ESTAT:SDG_08_10(1.0),Real GDP per capita,A,Annual,CLV20_EUR_HAB,"Chain linked volumes (2020), euro per capita",B1GQ,Gross domestic product at market prices,EL,Greece,2013,,15800,,p,provisional,,
dataflow,ESTAT:SDG_08_10(1.0),Real GDP per capita,A,Annual,CLV20_EUR_HAB,"Chain linked volumes (2020), euro per capita",B1GQ,Gross domestic product at market prices,EL,Greece,2014,,16030,,p,provisional,,
dataflow,ESTAT:SDG_08_10(1.0),Real GDP per capita,A,Annual,CLV20_EUR_HAB,"Chain linked volumes (2020), euro per capita",B1GQ,Gross domestic product at market prices,EL,Greece,2015,,16100,,p,provisional,,
dataflow,ESTAT:SDG_08_10(1.0),Real GDP per capita,A,Annual,CLV20_EUR_HAB,"Chain linked volumes (2020), euro per capita",B1GQ,Gross domestic product at market prices,EL,Greece,2016,,16160,,p,provisional,,
dataflow,ESTAT:SDG_08_10(1.0),Real GDP per capita,A,Annual,CLV20_EUR_HAB,"Chain linked volumes (2020), euro per capita",B1GQ,Gross domestic product at market prices,EL,Greece,2017,,16430,,p,provisional,,
dataflow,ESTAT:SDG_08_10(1.0),Real GDP per capita,A,Annual,CLV20_EUR_HAB,"Chain linked volumes (2020), euro per capita",B1GQ,Gross domestic product at market prices,EL,Greece,2018,,16810,,p,provisional,,
dataflow,ESTAT:SDG_08_10(1.0),Real GDP per capita,A,Annual,CLV20_EUR_HAB,"Chain linked volumes (2020), euro per capita",B1GQ,Gross domestic product at market prices,EL,Greece,2019,,17210,,p,provisional,,
dataflow,ESTAT:SDG_08_10(1.0),Real GDP per capita,A,Annual,CLV20_EUR_HAB,"Chain linked volumes (2020), euro per capita",B1GQ,Gross domestic product at market prices,EL,Greece,2020,,15660,,p,provisional,,
dataflow,ESTAT:SDG_08_10(1.0),Real GDP per capita,A,Annual,CLV20_EUR_HAB,"Chain linked volumes (2020), euro per capita",B1GQ,Gross domestic product at market prices,EL,Greece,2021,,17110,,p,provisional,,
dataflow,ESTAT:SDG_08_10(1.0),Real GDP per capita,A,Annual,CLV20_EUR_HAB,"Chain linked volumes (2020), euro per capita",B1GQ,Gross domestic product at market prices,EL,Greece,2022,,18160,,p,provisional,,
dataflow,ESTAT:SDG_08_10(1.0),Real GDP per capita,A,Annual,CLV20_EUR_HAB,"Chain linked volumes (2020), euro per capita",B1GQ,Gross domestic product at market prices,EL,Greece,2023,,18600,,p,provisional,,
dataflow,ESTAT:SDG_08_10(1.0),Real GDP per capita,A,Annual,CLV20_EUR_HAB,"Chain linked volumes (2020), euro per capita",B1GQ,Gross domestic product at market prices,ES,Spain,2013,,23310,,,,,
dataflow,ESTAT:SDG_08_10(1.0),Real GDP per capita,A,Annual,CLV20_EUR_HAB,"Chain linked volumes (2020), euro per capita",B1GQ,Gross domestic product at market prices,ES,Spain,2014,,23730,,,,,
dataflow,ESTAT:SDG_08_10(1.0),Real GDP per capita,A,Annual,CLV20_EUR_HAB,"Chain linked volumes (2020), euro per capita",B1GQ,Gross domestic product at market prices,ES,Spain,2015,,24720,,,,,
dataflow,ESTAT:SDG_08_10(1.0),Real GDP per capita,A,Annual,CLV20_EUR_HAB,"Chain linked volumes (2020), euro per capita",B1GQ,Gross domestic product at market prices,ES,Spain,2016,,25420,,,,,
dataflow,ESTAT:SDG_08_10(1.0),Real GDP per capita,A,Annual,CLV20_EUR_HAB,"Chain linked volumes (2020), euro per capita",B1GQ,Gross domestic product at market prices,ES,Spain,2017,,26110,,,,,
dataflow,ESTAT:SDG_08_10(1.0),Real GDP per capita,A,Annual,CLV20_EUR_HAB,"Chain linked volumes (2020), euro per capita",B1GQ,Gross domestic product at market prices,ES,Spain,2018,,26620,,,,,
dataflow,ESTAT:SDG_08_10(1.0),Real GDP per capita,A,Annual,CLV20_EUR_HAB,"Chain linked volumes (2020), euro per capita",B1GQ,Gross domestic product at market prices,ES,Spain,2019,,26930,,,,,
dataflow,ESTAT:SDG_08_10(1.0),Real GDP per capita,A,Annual,CLV20_EUR_HAB,"Chain linked volumes (2020), euro per capita",B1GQ,Gross domestic product at market prices,ES,Spain,2020,,23850,,,,,
dataflow,ESTAT:SDG_08_10(1.0),Real GDP per capita,A,Annual,CLV20_EUR_HAB,"Chain linked volumes (2020), euro per capita",B1GQ,Gross domestic product at market prices,ES,Spain,2021,,25440,,,,,
dataflow,ESTAT:SDG_08_10(1.0),Real GDP per capita,A,Annual,CLV20_EUR_HAB,"Chain linked volumes (2020), euro per capita",B1GQ,Gross domestic product at market prices,ES,Spain,2022,,26820,,,,,
dataflow,ESTAT:SDG_08_10(1.0),Real GDP per capita,A,Annual,CLV20_EUR_HAB,"Chain linked volumes (2020), euro per capita",B1GQ,Gross domestic product at market prices,ES,Spain,2023,,27150,,p,provisional,,
dataflow,ESTAT:SDG_08_10(1.0),Real GDP per capita,A,Annual,CLV20_EUR_HAB,"Chain linked volumes (2020), euro per capita",B1GQ,Gross domestic product at market prices,FI,Finland,2013,,41020,,,,,
dataflow,ESTAT:SDG_08_10(1.0),Real GDP per capita,A,Annual,CLV20_EUR_HAB,"Chain linked volumes (2020), euro per capita",B1GQ,Gross domestic product at market prices,FI,Finland,2014,,40650,,,,,
dataflow,ESTAT:SDG_08_10(1.0),Real GDP per capita,A,Annual,CLV20_EUR_HAB,"Chain linked volumes (2020), euro per capita",B1GQ,Gross domestic product at market prices,FI,Finland,2015,,40700,,,,,
dataflow,ESTAT:SDG_08_10(1.0),Real GDP per capita,A,Annual,CLV20_EUR_HAB,"Chain linked volumes (2020), euro per capita",B1GQ,Gross domestic product at market prices,FI,Finland,2016,,41640,,,,,
dataflow,ESTAT:SDG_08_10(1.0),Real GDP per capita,A,Annual,CLV20_EUR_HAB,"Chain linked volumes (2020), euro per capita",B1GQ,Gross domestic product at market prices,FI,Finland,2017,,42910,,,,,
dataflow,ESTAT:SDG_08_10(1.0),Real GDP per capita,A,Annual,CLV20_EUR_HAB,"Chain linked volumes (2020), euro per capita",B1GQ,Gross domestic product at market prices,FI,Finland,2018,,43360,,,,,
dataflow,ESTAT:SDG_08_10(1.0),Real GDP per capita,A,Annual,CLV20_EUR_HAB,"Chain linked volumes (2020), euro per capita",B1GQ,Gross domestic product at market prices,FI,Finland,2019,,43910,,,,,
dataflow,ESTAT:SDG_08_10(1.0),Real GDP per capita,A,Annual,CLV20_EUR_HAB,"Chain linked volumes (2020), euro per capita",B1GQ,Gross domestic product at market prices,FI,Finland,2020,,42740,,,,,
dataflow,ESTAT:SDG_08_10(1.0),Real GDP per capita,A,Annual,CLV20_EUR_HAB,"Chain linked volumes (2020), euro per capita",B1GQ,Gross domestic product at market prices,FI,Finland,2021,,43800,,,,,
dataflow,ESTAT:SDG_08_10(1.0),Real GDP per capita,A,Annual,CLV20_EUR_HAB,"Chain linked volumes (2020), euro per capita",B1GQ,Gross domestic product at market prices,FI,Finland,2022,,44010,,,,,
dataflow,ESTAT:SDG_08_10(1.0),Real GDP per capita,A,Annual,CLV20_EUR_HAB,"Chain linked volumes (2020), euro per capita",B1GQ,Gross domestic product at market prices,FI,Finland,2023,,43280,,,,,
dataflow,ESTAT:SDG_08_10(1.0),Real GDP per capita,A,Annual,CLV20_EUR_HAB,"Chain linked volumes (2020), euro per capita",B1GQ,Gross domestic product at market prices,FR,France,2013,,34990,,,,,
dataflow,ESTAT:SDG_08_10(1.0),Real GDP per capita,A,Annual,CLV20_EUR_HAB,"Chain linked volumes (2020), euro per capita",B1GQ,Gross domestic product at market prices,FR,France,2014,,35150,,,,,
dataflow,ESTAT:SDG_08_10(1.0),Real GDP per capita,A,Annual,CLV20_EUR_HAB,"Chain linked volumes (2020), euro per capita",B1GQ,Gross domestic product at market prices,FR,France,2015,,35370,,,,,
dataflow,ESTAT:SDG_08_10(1.0),Real GDP per capita,A,Annual,CLV20_EUR_HAB,"Chain linked volumes (2020), euro per capita",B1GQ,Gross domestic product at market prices,FR,France,2016,,35540,,,,,
dataflow,ESTAT:SDG_08_10(1.0),Real GDP per capita,A,Annual,CLV20_EUR_HAB,"Chain linked volumes (2020), euro per capita",B1GQ,Gross domestic product at market prices,FR,France,2017,,36140,,,,,
dataflow,ESTAT:SDG_08_10(1.0),Real GDP per capita,A,Annual,CLV20_EUR_HAB,"Chain linked volumes (2020), euro per capita",B1GQ,Gross domestic product at market prices,FR,France,2018,,36570,,,,,
dataflow,ESTAT:SDG_08_10(1.0),Real GDP per capita,A,Annual,CLV20_EUR_HAB,"Chain linked volumes (2020), euro per capita",B1GQ,Gross domestic product at market prices,FR,France,2019,,37160,,,,,
dataflow,ESTAT:SDG_08_10(1.0),Real GDP per capita,A,Annual,CLV20_EUR_HAB,"Chain linked volumes (2020), euro per capita",B1GQ,Gross domestic product at market prices,FR,France,2020,,34280,,,,,
dataflow,ESTAT:SDG_08_10(1.0),Real GDP per capita,A,Annual,CLV20_EUR_HAB,"Chain linked volumes (2020), euro per capita",B1GQ,Gross domestic product at market prices,FR,France,2021,,36470,,,,,
dataflow,ESTAT:SDG_08_10(1.0),Real GDP per capita,A,Annual,CLV20_EUR_HAB,"Chain linked volumes (2020), euro per capita",B1GQ,Gross domestic product at market prices,FR,France,2022,,37320,,,,,
dataflow,ESTAT:SDG_08_10(1.0),Real GDP per capita,A,Annual,CLV20_EUR_HAB,"Chain linked volumes (2020), euro per capita",B1GQ,Gross domestic product at market prices,FR,France,2023,,37760,,p,provisional,,
dataflow,ESTAT:SDG_08_10(1.0),Real GDP per capita,A,Annual,CLV20_EUR_HAB,"Chain linked volumes (2020), euro per capita",B1GQ,Gross domestic product at market prices,HR,Croatia,2013,,11340,,,,,
dataflow,ESTAT:SDG_08_10(1.0),Real GDP per capita,A,Annual,CLV20_EUR_HAB,"Chain linked volumes (2020), euro per capita",B1GQ,Gross domestic product at market prices,HR,Croatia,2014,,11370,,,,,
dataflow,ESTAT:SDG_08_10(1.0),Real GDP per capita,A,Annual,CLV20_EUR_HAB,"Chain linked volumes (2020), euro per capita",B1GQ,Gross domestic product at market prices,HR,Croatia,2015,,11760,,,,,
dataflow,ESTAT:SDG_08_10(1.0),Real GDP per capita,A,Annual,CLV20_EUR_HAB,"Chain linked volumes (2020), euro per capita",B1GQ,Gross domestic product at market prices,HR,Croatia,2016,,12320,,,,,
dataflow,ESTAT:SDG_08_10(1.0),Real GDP per capita,A,Annual,CLV20_EUR_HAB,"Chain linked volumes (2020), euro per capita",B1GQ,Gross domestic product at market prices,HR,Croatia,2017,,12910,,,,,
dataflow,ESTAT:SDG_08_10(1.0),Real GDP per capita,A,Annual,CLV20_EUR_HAB,"Chain linked volumes (2020), euro per capita",B1GQ,Gross domestic product at market prices,HR,Croatia,2018,,13460,,,,,
dataflow,ESTAT:SDG_08_10(1.0),Real GDP per capita,A,Annual,CLV20_EUR_HAB,"Chain linked volumes (2020), euro per capita",B1GQ,Gross domestic product at market prices,HR,Croatia,2019,,14020,,,,,
dataflow,ESTAT:SDG_08_10(1.0),Real GDP per capita,A,Annual,CLV20_EUR_HAB,"Chain linked volumes (2020), euro per capita",B1GQ,Gross domestic product at market prices,HR,Croatia,2020,,12980,,,,,
dataflow,ESTAT:SDG_08_10(1.0),Real GDP per capita,A,Annual,CLV20_EUR_HAB,"Chain linked volumes (2020), euro per capita",B1GQ,Gross domestic product at market prices,HR,Croatia,2021,,14750,,,,,
dataflow,ESTAT:SDG_08_10(1.0),Real GDP per capita,A,Annual,CLV20_EUR_HAB,"Chain linked volumes (2020), euro per capita",B1GQ,Gross domestic product at market prices,HR,Croatia,2022,,15900,,,,,
dataflow,ESTAT:SDG_08_10(1.0),Real GDP per capita,A,Annual,CLV20_EUR_HAB,"Chain linked volumes (2020), euro per capita",B1GQ,Gross domestic product at market prices,HR,Croatia,2023,,16490,,,,,
dataflow,ESTAT:SDG_08_10(1.0),Real GDP per capita,A,Annual,CLV20_EUR_HAB,"Chain linked volumes (2020), euro per capita",B1GQ,Gross domestic product at market prices,HU,Hungary,2013,,11490,,,,,
dataflow,ESTAT:SDG_08_10(1.0),Real GDP per capita,A,Annual,CLV20_EUR_HAB,"Chain linked volumes (2020), euro per capita",B1GQ,Gross domestic product at market prices,HU,Hungary,2014,,12040,,,,,
dataflow,ESTAT:SDG_08_10(1.0),Real GDP per capita,A,Annual,CLV20_EUR_HAB,"Chain linked volumes (2020), euro per capita",B1GQ,Gross domestic product at market prices,HU,Hungary,2015,,12530,,,,,
dataflow,ESTAT:SDG_08_10(1.0),Real GDP per capita,A,Annual,CLV20_EUR_HAB,"Chain linked volumes (2020), euro per capita",B1GQ,Gross domestic product at market prices,HU,Hungary,2016,,12880,,,,,
dataflow,ESTAT:SDG_08_10(1.0),Real GDP per capita,A,Annual,CLV20_EUR_HAB,"Chain linked volumes (2020), euro per capita",B1GQ,Gross domestic product at market prices,HU,Hungary,2017,,13460,,,,,
dataflow,ESTAT:SDG_08_10(1.0),Real GDP per capita,A,Annual,CLV20_EUR_HAB,"Chain linked volumes (2020), euro per capita",B1GQ,Gross domestic product at market prices,HU,Hungary,2018,,14240,,,,,
dataflow,ESTAT:SDG_08_10(1.0),Real GDP per capita,A,Annual,CLV20_EUR_HAB,"Chain linked volumes (2020), euro per capita",B1GQ,Gross domestic product at market prices,HU,Hungary,2019,,14980,,,,,
dataflow,ESTAT:SDG_08_10(1.0),Real GDP per capita,A,Annual,CLV20_EUR_HAB,"Chain linked volumes (2020), euro per capita",B1GQ,Gross domestic product at market prices,HU,Hungary,2020,,14370,,,,,
dataflow,ESTAT:SDG_08_10(1.0),Real GDP per capita,A,Annual,CLV20_EUR_HAB,"Chain linked volumes (2020), euro per capita",B1GQ,Gross domestic product at market prices,HU,Hungary,2021,,15470,,,,,
dataflow,ESTAT:SDG_08_10(1.0),Real GDP per capita,A,Annual,CLV20_EUR_HAB,"Chain linked volumes (2020), euro per capita",B1GQ,Gross domestic product at market prices,HU,Hungary,2022,,16160,,,,,
dataflow,ESTAT:SDG_08_10(1.0),Real GDP per capita,A,Annual,CLV20_EUR_HAB,"Chain linked volumes (2020), euro per capita",B1GQ,Gross domestic product at market prices,HU,Hungary,2023,,16050,,,,,
dataflow,ESTAT:SDG_08_10(1.0),Real GDP per capita,A,Annual,CLV20_EUR_HAB,"Chain linked volumes (2020), euro per capita",B1GQ,Gross domestic product at market prices,IE,Ireland,2013,,44890,,,,,
dataflow,ESTAT:SDG_08_10(1.0),Real GDP per capita,A,Annual,CLV20_EUR_HAB,"Chain linked volumes (2020), euro per capita",B1GQ,Gross domestic product at market prices,IE,Ireland,2014,,48770,,,,,
dataflow,ESTAT:SDG_08_10(1.0),Real GDP per capita,A,Annual,CLV20_EUR_HAB,"Chain linked volumes (2020), euro per capita",B1GQ,Gross domestic product at market prices,IE,Ireland,2015,,60210,,,,,
dataflow,ESTAT:SDG_08_10(1.0),Real GDP per capita,A,Annual,CLV20_EUR_HAB,"Chain linked volumes (2020), euro per capita",B1GQ,Gross domestic product at market prices,IE,Ireland,2016,,60220,,,,,
dataflow,ESTAT:SDG_08_10(1.0),Real GDP per capita,A,Annual,CLV20_EUR_HAB,"Chain linked volumes (2020), euro per capita",B1GQ,Gross domestic product at market prices,IE,Ireland,2017,,65370,,,,,
dataflow,ESTAT:SDG_08_10(1.0),Real GDP per capita,A,Annual,CLV20_EUR_HAB,"Chain linked volumes (2020), euro per capita",B1GQ,Gross domestic product at market prices,IE,Ireland,2018,,69390,,,,,
dataflow,ESTAT:SDG_08_10(1.0),Real GDP per capita,A,Annual,CLV20_EUR_HAB,"Chain linked volumes (2020), euro per capita",B1GQ,Gross domestic product at market prices,IE,Ireland,2019,,71720,,,,,
dataflow,ESTAT:SDG_08_10(1.0),Real GDP per capita,A,Annual,CLV20_EUR_HAB,"Chain linked volumes (2020), euro per capita",B1GQ,Gross domestic product at market prices,IE,Ireland,2020,,75820,,,,,
dataflow,ESTAT:SDG_08_10(1.0),Real GDP per capita,A,Annual,CLV20_EUR_HAB,"Chain linked volumes (2020), euro per capita",B1GQ,Gross domestic product at market prices,IE,Ireland,2021,,87160,,,,,
dataflow,ESTAT:SDG_08_10(1.0),Real GDP per capita,A,Annual,CLV20_EUR_HAB,"Chain linked volumes (2020), euro per capita",B1GQ,Gross domestic product at market prices,IE,Ireland,2022,,91760,,,,,
dataflow,ESTAT:SDG_08_10(1.0),Real GDP per capita,A,Annual,CLV20_EUR_HAB,"Chain linked volumes (2020), euro per capita",B1GQ,Gross domestic product at market prices,IE,Ireland,2023,,87810,,,,,
dataflow,ESTAT:SDG_08_10(1.0),Real GDP per capita,A,Annual,CLV20_EUR_HAB,"Chain linked volumes (2020), euro per capita",B1GQ,Gross domestic product at market prices,IS,Iceland,2013,,52880,,p,provisional,,
dataflow,ESTAT:SDG_08_10(1.0),Real GDP per capita,A,Annual,CLV20_EUR_HAB,"Chain linked volumes (2020), euro per capita",B1GQ,Gross domestic product at market prices,IS,Iceland,2014,,53280,,p,provisional,,
dataflow,ESTAT:SDG_08_10(1.0),Real GDP per capita,A,Annual,CLV20_EUR_HAB,"Chain linked volumes (2020), euro per capita",B1GQ,Gross domestic product at market prices,IS,Iceland,2015,,54760,,p,provisional,,
dataflow,ESTAT:SDG_08_10(1.0),Real GDP per capita,A,Annual,CLV20_EUR_HAB,"Chain linked volumes (2020), euro per capita",B1GQ,Gross domestic product at market prices,IS,Iceland,2016,,57320,,p,provisional,,
dataflow,ESTAT:SDG_08_10(1.0),Real GDP per capita,A,Annual,CLV20_EUR_HAB,"Chain linked volumes (2020), euro per capita",B1GQ,Gross domestic product at market prices,IS,Iceland,2017,,57910,,p,provisional,,
dataflow,ESTAT:SDG_08_10(1.0),Real GDP per capita,A,Annual,CLV20_EUR_HAB,"Chain linked volumes (2020), euro per capita",B1GQ,Gross domestic product at market prices,IS,Iceland,2018,,59120,,p,provisional,,
dataflow,ESTAT:SDG_08_10(1.0),Real GDP per capita,A,Annual,CLV20_EUR_HAB,"Chain linked volumes (2020), euro per capita",B1GQ,Gross domestic product at market prices,IS,Iceland,2019,,58770,,p,provisional,,
dataflow,ESTAT:SDG_08_10(1.0),Real GDP per capita,A,Annual,CLV20_EUR_HAB,"Chain linked volumes (2020), euro per capita",B1GQ,Gross domestic product at market prices,IS,Iceland,2020,,54190,,p,provisional,,
dataflow,ESTAT:SDG_08_10(1.0),Real GDP per capita,A,Annual,CLV20_EUR_HAB,"Chain linked volumes (2020), euro per capita",B1GQ,Gross domestic product at market prices,IS,Iceland,2021,,56150,,p,provisional,,
dataflow,ESTAT:SDG_08_10(1.0),Real GDP per capita,A,Annual,CLV20_EUR_HAB,"Chain linked volumes (2020), euro per capita",B1GQ,Gross domestic product at market prices,IS,Iceland,2022,,59700,,p,provisional,,
dataflow,ESTAT:SDG_08_10(1.0),Real GDP per capita,A,Annual,CLV20_EUR_HAB,"Chain linked volumes (2020), euro per capita",B1GQ,Gross domestic product at market prices,IS,Iceland,2023,,61180,,p,provisional,,
dataflow,ESTAT:SDG_08_10(1.0),Real GDP per capita,A,Annual,CLV20_EUR_HAB,"Chain linked volumes (2020), euro per capita",B1GQ,Gross domestic product at market prices,IT,Italy,2013,,28920,,,,,
dataflow,ESTAT:SDG_08_10(1.0),Real GDP per capita,A,Annual,CLV20_EUR_HAB,"Chain linked volumes (2020), euro per capita",B1GQ,Gross domestic product at market prices,IT,Italy,2014,,28910,,,,,
dataflow,ESTAT:SDG_08_10(1.0),Real GDP per capita,A,Annual,CLV20_EUR_HAB,"Chain linked volumes (2020), euro per capita",B1GQ,Gross domestic product at market prices,IT,Italy,2015,,29210,,,,,
dataflow,ESTAT:SDG_08_10(1.0),Real GDP per capita,A,Annual,CLV20_EUR_HAB,"Chain linked volumes (2020), euro per capita",B1GQ,Gross domestic product at market prices,IT,Italy,2016,,29630,,,,,
dataflow,ESTAT:SDG_08_10(1.0),Real GDP per capita,A,Annual,CLV20_EUR_HAB,"Chain linked volumes (2020), euro per capita",B1GQ,Gross domestic product at market prices,IT,Italy,2017,,30160,,,,,
dataflow,ESTAT:SDG_08_10(1.0),Real GDP per capita,A,Annual,CLV20_EUR_HAB,"Chain linked volumes (2020), euro per capita",B1GQ,Gross domestic product at market prices,IT,Italy,2018,,30470,,,,,
dataflow,ESTAT:SDG_08_10(1.0),Real GDP per capita,A,Annual,CLV20_EUR_HAB,"Chain linked volumes (2020), euro per capita",B1GQ,Gross domestic product at market prices,IT,Italy,2019,,30680,,,,,
dataflow,ESTAT:SDG_08_10(1.0),Real GDP per capita,A,Annual,CLV20_EUR_HAB,"Chain linked volumes (2020), euro per capita",B1GQ,Gross domestic product at market prices,IT,Italy,2020,,28100,,,,,
dataflow,ESTAT:SDG_08_10(1.0),Real GDP per capita,A,Annual,CLV20_EUR_HAB,"Chain linked volumes (2020), euro per capita",B1GQ,Gross domestic product at market prices,IT,Italy,2021,,30760,,,,,
dataflow,ESTAT:SDG_08_10(1.0),Real GDP per capita,A,Annual,CLV20_EUR_HAB,"Chain linked volumes (2020), euro per capita",B1GQ,Gross domestic product at market prices,IT,Italy,2022,,32310,,,,,
dataflow,ESTAT:SDG_08_10(1.0),Real GDP per capita,A,Annual,CLV20_EUR_HAB,"Chain linked volumes (2020), euro per capita",B1GQ,Gross domestic product at market prices,IT,Italy,2023,,32640,,,,,
dataflow,ESTAT:SDG_08_10(1.0),Real GDP per capita,A,Annual,CLV20_EUR_HAB,"Chain linked volumes (2020), euro per capita",B1GQ,Gross domestic product at market prices,LT,Lithuania,2013,,13480,,,,,
dataflow,ESTAT:SDG_08_10(1.0),Real GDP per capita,A,Annual,CLV20_EUR_HAB,"Chain linked volumes (2020), euro per capita",B1GQ,Gross domestic product at market prices,LT,Lithuania,2014,,14100,,,,,
dataflow,ESTAT:SDG_08_10(1.0),Real GDP per capita,A,Annual,CLV20_EUR_HAB,"Chain linked volumes (2020), euro per capita",B1GQ,Gross domestic product at market prices,LT,Lithuania,2015,,14630,,,,,
dataflow,ESTAT:SDG_08_10(1.0),Real GDP per capita,A,Annual,CLV20_EUR_HAB,"Chain linked volumes (2020), euro per capita",B1GQ,Gross domestic product at market prices,LT,Lithuania,2016,,15200,,,,,
dataflow,ESTAT:SDG_08_10(1.0),Real GDP per capita,A,Annual,CLV20_EUR_HAB,"Chain linked volumes (2020), euro per capita",B1GQ,Gross domestic product at market prices,LT,Lithuania,2017,,16090,,,,,
dataflow,ESTAT:SDG_08_10(1.0),Real GDP per capita,A,Annual,CLV20_EUR_HAB,"Chain linked volumes (2020), euro per capita",B1GQ,Gross domestic product at market prices,LT,Lithuania,2018,,17030,,,,,
dataflow,ESTAT:SDG_08_10(1.0),Real GDP per capita,A,Annual,CLV20_EUR_HAB,"Chain linked volumes (2020), euro per capita",B1GQ,Gross domestic product at market prices,LT,Lithuania,2019,,17870,,,,,
dataflow,ESTAT:SDG_08_10(1.0),Real GDP per capita,A,Annual,CLV20_EUR_HAB,"Chain linked volumes (2020), euro per capita",B1GQ,Gross domestic product at market prices,LT,Lithuania,2020,,17890,,,,,
dataflow,ESTAT:SDG_08_10(1.0),Real GDP per capita,A,Annual,CLV20_EUR_HAB,"Chain linked volumes (2020), euro per capita",B1GQ,Gross domestic product at market prices,LT,Lithuania,2021,,19040,,,,,
dataflow,ESTAT:SDG_08_10(1.0),Real GDP per capita,A,Annual,CLV20_EUR_HAB,"Chain linked volumes (2020), euro per capita",B1GQ,Gross domestic product at market prices,LT,Lithuania,2022,,19350,,,,,
dataflow,ESTAT:SDG_08_10(1.0),Real GDP per capita,A,Annual,CLV20_EUR_HAB,"Chain linked volumes (2020), euro per capita",B1GQ,Gross domestic product at market prices,LT,Lithuania,2023,,19220,,,,,
dataflow,ESTAT:SDG_08_10(1.0),Real GDP per capita,A,Annual,CLV20_EUR_HAB,"Chain linked volumes (2020), euro per capita",B1GQ,Gross domestic product at market prices,LU,Luxembourg,2013,,102010,,,,,
dataflow,ESTAT:SDG_08_10(1.0),Real GDP per capita,A,Annual,CLV20_EUR_HAB,"Chain linked volumes (2020), euro per capita",B1GQ,Gross domestic product at market prices,LU,Luxembourg,2014,,102240,,,,,
dataflow,ESTAT:SDG_08_10(1.0),Real GDP per capita,A,Annual,CLV20_EUR_HAB,"Chain linked volumes (2020), euro per capita",B1GQ,Gross domestic product at market prices,LU,Luxembourg,2015,,102530,,,,,
dataflow,ESTAT:SDG_08_10(1.0),Real GDP per capita,A,Annual,CLV20_EUR_HAB,"Chain linked volumes (2020), euro per capita",B1GQ,Gross domestic product at market prices,LU,Luxembourg,2016,,104920,,,,,
dataflow,ESTAT:SDG_08_10(1.0),Real GDP per capita,A,Annual,CLV20_EUR_HAB,"Chain linked volumes (2020), euro per capita",B1GQ,Gross domestic product at market prices,LU,Luxembourg,2017,,104020,,,,,
dataflow,ESTAT:SDG_08_10(1.0),Real GDP per capita,A,Annual,CLV20_EUR_HAB,"Chain linked volumes (2020), euro per capita",B1GQ,Gross domestic product at market prices,LU,Luxembourg,2018,,103640,,,,,
dataflow,ESTAT:SDG_08_10(1.0),Real GDP per capita,A,Annual,CLV20_EUR_HAB,"Chain linked volumes (2020), euro per capita",B1GQ,Gross domestic product at market prices,LU,Luxembourg,2019,,104310,,,,,
dataflow,ESTAT:SDG_08_10(1.0),Real GDP per capita,A,Annual,CLV20_EUR_HAB,"Chain linked volumes (2020), euro per capita",B1GQ,Gross domestic product at market prices,LU,Luxembourg,2020,,102190,,,,,
dataflow,ESTAT:SDG_08_10(1.0),Real GDP per capita,A,Annual,CLV20_EUR_HAB,"Chain linked volumes (2020), euro per capita",B1GQ,Gross domestic product at market prices,LU,Luxembourg,2021,,107570,,,,,
dataflow,ESTAT:SDG_08_10(1.0),Real GDP per capita,A,Annual,CLV20_EUR_HAB,"Chain linked volumes (2020), euro per capita",B1GQ,Gross domestic product at market prices,LU,Luxembourg,2022,,104100,,,,,
dataflow,ESTAT:SDG_08_10(1.0),Real GDP per capita,A,Annual,CLV20_EUR_HAB,"Chain linked volumes (2020), euro per capita",B1GQ,Gross domestic product at market prices,LU,Luxembourg,2023,,102250,,,,,
dataflow,ESTAT:SDG_08_10(1.0),Real GDP per capita,A,Annual,CLV20_EUR_HAB,"Chain linked volumes (2020), euro per capita",B1GQ,Gross domestic product at market prices,LV,Latvia,2013,,12750,,,,,
dataflow,ESTAT:SDG_08_10(1.0),Real GDP per capita,A,Annual,CLV20_EUR_HAB,"Chain linked volumes (2020), euro per capita",B1GQ,Gross domestic product at market prices,LV,Latvia,2014,,13140,,,,,
dataflow,ESTAT:SDG_08_10(1.0),Real GDP per capita,A,Annual,CLV20_EUR_HAB,"Chain linked volumes (2020), euro per capita",B1GQ,Gross domestic product at market prices,LV,Latvia,2015,,13750,,,,,
dataflow,ESTAT:SDG_08_10(1.0),Real GDP per capita,A,Annual,CLV20_EUR_HAB,"Chain linked volumes (2020), euro per capita",B1GQ,Gross domestic product at market prices,LV,Latvia,2016,,14230,,,,,
dataflow,ESTAT:SDG_08_10(1.0),Real GDP per capita,A,Annual,CLV20_EUR_HAB,"Chain linked volumes (2020), euro per capita",B1GQ,Gross domestic product at market prices,LV,Latvia,2017,,14850,,,,,
dataflow,ESTAT:SDG_08_10(1.0),Real GDP per capita,A,Annual,CLV20_EUR_HAB,"Chain linked volumes (2020), euro per capita",B1GQ,Gross domestic product at market prices,LV,Latvia,2018,,15610,,,,,
dataflow,ESTAT:SDG_08_10(1.0),Real GDP per capita,A,Annual,CLV20_EUR_HAB,"Chain linked volumes (2020), euro per capita",B1GQ,Gross domestic product at market prices,LV,Latvia,2019,,15820,,,,,
dataflow,ESTAT:SDG_08_10(1.0),Real GDP per capita,A,Annual,CLV20_EUR_HAB,"Chain linked volumes (2020), euro per capita",B1GQ,Gross domestic product at market prices,LV,Latvia,2020,,15370,,,,,
dataflow,ESTAT:SDG_08_10(1.0),Real GDP per capita,A,Annual,CLV20_EUR_HAB,"Chain linked volumes (2020), euro per capita",B1GQ,Gross domestic product at market prices,LV,Latvia,2021,,16580,,,,,
dataflow,ESTAT:SDG_08_10(1.0),Real GDP per capita,A,Annual,CLV20_EUR_HAB,"Chain linked volumes (2020), euro per capita",B1GQ,Gross domestic product at market prices,LV,Latvia,2022,,16890,,,,,
dataflow,ESTAT:SDG_08_10(1.0),Real GDP per capita,A,Annual,CLV20_EUR_HAB,"Chain linked volumes (2020), euro per capita",B1GQ,Gross domestic product at market prices,LV,Latvia,2023,,16770,,,,,
dataflow,ESTAT:SDG_08_10(1.0),Real GDP per capita,A,Annual,CLV20_EUR_HAB,"Chain linked volumes (2020), euro per capita",B1GQ,Gross domestic product at market prices,ME,Montenegro,2013,,6390,,,,,
dataflow,ESTAT:SDG_08_10(1.0),Real GDP per capita,A,Annual,CLV20_EUR_HAB,"Chain linked volumes (2020), euro per capita",B1GQ,Gross domestic product at market prices,ME,Montenegro,2014,,6530,,,,,
dataflow,ESTAT:SDG_08_10(1.0),Real GDP per capita,A,Annual,CLV20_EUR_HAB,"Chain linked volumes (2020), euro per capita",B1GQ,Gross domestic product at market prices,ME,Montenegro,2015,,6690,,,,,
dataflow,ESTAT:SDG_08_10(1.0),Real GDP per capita,A,Annual,CLV20_EUR_HAB,"Chain linked volumes (2020), euro per capita",B1GQ,Gross domestic product at market prices,ME,Montenegro,2016,,6910,,,,,
dataflow,ESTAT:SDG_08_10(1.0),Real GDP per capita,A,Annual,CLV20_EUR_HAB,"Chain linked volumes (2020), euro per capita",B1GQ,Gross domestic product at market prices,ME,Montenegro,2017,,7120,,,,,
dataflow,ESTAT:SDG_08_10(1.0),Real GDP per capita,A,Annual,CLV20_EUR_HAB,"Chain linked volumes (2020), euro per capita",B1GQ,Gross domestic product at market prices,ME,Montenegro,2018,,7460,,,,,
dataflow,ESTAT:SDG_08_10(1.0),Real GDP per capita,A,Annual,CLV20_EUR_HAB,"Chain linked volumes (2020), euro per capita",B1GQ,Gross domestic product at market prices,ME,Montenegro,2019,,7780,,,,,
dataflow,ESTAT:SDG_08_10(1.0),Real GDP per capita,A,Annual,CLV20_EUR_HAB,"Chain linked volumes (2020), euro per capita",B1GQ,Gross domestic product at market prices,ME,Montenegro,2020,,6610,,,,,
dataflow,ESTAT:SDG_08_10(1.0),Real GDP per capita,A,Annual,CLV20_EUR_HAB,"Chain linked volumes (2020), euro per capita",B1GQ,Gross domestic product at market prices,ME,Montenegro,2021,,7500,,,,,
dataflow,ESTAT:SDG_08_10(1.0),Real GDP per capita,A,Annual,CLV20_EUR_HAB,"Chain linked volumes (2020), euro per capita",B1GQ,Gross domestic product at market prices,ME,Montenegro,2022,,8100,,,,,
dataflow,ESTAT:SDG_08_10(1.0),Real GDP per capita,A,Annual,CLV20_EUR_HAB,"Chain linked volumes (2020), euro per capita",B1GQ,Gross domestic product at market prices,ME,Montenegro,2023,,8620,,,,,
dataflow,ESTAT:SDG_08_10(1.0),Real GDP per capita,A,Annual,CLV20_EUR_HAB,"Chain linked volumes (2020), euro per capita",B1GQ,Gross domestic product at market prices,MK,North Macedonia,2013,,4950.00000000,,e,estimated,,
dataflow,ESTAT:SDG_08_10(1.0),Real GDP per capita,A,Annual,CLV20_EUR_HAB,"Chain linked volumes (2020), euro per capita",B1GQ,Gross domestic product at market prices,MK,North Macedonia,2014,,5140.00000000,,e,estimated,,
dataflow,ESTAT:SDG_08_10(1.0),Real GDP per capita,A,Annual,CLV20_EUR_HAB,"Chain linked volumes (2020), euro per capita",B1GQ,Gross domestic product at market prices,MK,North Macedonia,2015,,5360.00000000,,e,estimated,,
dataflow,ESTAT:SDG_08_10(1.0),Real GDP per capita,A,Annual,CLV20_EUR_HAB,"Chain linked volumes (2020), euro per capita",B1GQ,Gross domestic product at market prices,MK,North Macedonia,2016,,5530.00000000,,e,estimated,,
dataflow,ESTAT:SDG_08_10(1.0),Real GDP per capita,A,Annual,CLV20_EUR_HAB,"Chain linked volumes (2020), euro per capita",B1GQ,Gross domestic product at market prices,MK,North Macedonia,2017,,5610.00000000,,e,estimated,,
dataflow,ESTAT:SDG_08_10(1.0),Real GDP per capita,A,Annual,CLV20_EUR_HAB,"Chain linked volumes (2020), euro per capita",B1GQ,Gross domestic product at market prices,MK,North Macedonia,2018,,5800.00000000,,e,estimated,,
dataflow,ESTAT:SDG_08_10(1.0),Real GDP per capita,A,Annual,CLV20_EUR_HAB,"Chain linked volumes (2020), euro per capita",B1GQ,Gross domestic product at market prices,MK,North Macedonia,2019,,6070.00000000,,e,estimated,,
dataflow,ESTAT:SDG_08_10(1.0),Real GDP per capita,A,Annual,CLV20_EUR_HAB,"Chain linked volumes (2020), euro per capita",B1GQ,Gross domestic product at market prices,MK,North Macedonia,2020,,5840.00000000,,e,estimated,,
dataflow,ESTAT:SDG_08_10(1.0),Real GDP per capita,A,Annual,CLV20_EUR_HAB,"Chain linked volumes (2020), euro per capita",B1GQ,Gross domestic product at market prices,MK,North Macedonia,2021,,6170.00000000,,e,estimated,,
dataflow,ESTAT:SDG_08_10(1.0),Real GDP per capita,A,Annual,CLV20_EUR_HAB,"Chain linked volumes (2020), euro per capita",B1GQ,Gross domestic product at market prices,MK,North Macedonia,2022,,6360.00000000,,e,estimated,,
dataflow,ESTAT:SDG_08_10(1.0),Real GDP per capita,A,Annual,CLV20_EUR_HAB,"Chain linked volumes (2020), euro per capita",B1GQ,Gross domestic product at market prices,MK,North Macedonia,2023,,6540.00000000,,e,estimated,,
dataflow,ESTAT:SDG_08_10(1.0),Real GDP per capita,A,Annual,CLV20_EUR_HAB,"Chain linked volumes (2020), euro per capita",B1GQ,Gross domestic product at market prices,MT,Malta,2013,,22600,,,,,
dataflow,ESTAT:SDG_08_10(1.0),Real GDP per capita,A,Annual,CLV20_EUR_HAB,"Chain linked volumes (2020), euro per capita",B1GQ,Gross domestic product at market prices,MT,Malta,2014,,23840,,,,,
dataflow,ESTAT:SDG_08_10(1.0),Real GDP per capita,A,Annual,CLV20_EUR_HAB,"Chain linked volumes (2020), euro per capita",B1GQ,Gross domestic product at market prices,MT,Malta,2015,,25520,,,,,
dataflow,ESTAT:SDG_08_10(1.0),Real GDP per capita,A,Annual,CLV20_EUR_HAB,"Chain linked volumes (2020), euro per capita",B1GQ,Gross domestic product at market prices,MT,Malta,2016,,25960,,,,,
dataflow,ESTAT:SDG_08_10(1.0),Real GDP per capita,A,Annual,CLV20_EUR_HAB,"Chain linked volumes (2020), euro per capita",B1GQ,Gross domestic product at market prices,MT,Malta,2017,,28530,,,,,
dataflow,ESTAT:SDG_08_10(1.0),Real GDP per capita,A,Annual,CLV20_EUR_HAB,"Chain linked volumes (2020), euro per capita",B1GQ,Gross domestic product at market prices,MT,Malta,2018,,29510,,,,,
dataflow,ESTAT:SDG_08_10(1.0),Real GDP per capita,A,Annual,CLV20_EUR_HAB,"Chain linked volumes (2020), euro per capita",B1GQ,Gross domestic product at market prices,MT,Malta,2019,,29480,,,,,
dataflow,ESTAT:SDG_08_10(1.0),Real GDP per capita,A,Annual,CLV20_EUR_HAB,"Chain linked volumes (2020), euro per capita",B1GQ,Gross domestic product at market prices,MT,Malta,2020,,27870,,,,,
dataflow,ESTAT:SDG_08_10(1.0),Real GDP per capita,A,Annual,CLV20_EUR_HAB,"Chain linked volumes (2020), euro per capita",B1GQ,Gross domestic product at market prices,MT,Malta,2021,,31420,,,,,
dataflow,ESTAT:SDG_08_10(1.0),Real GDP per capita,A,Annual,CLV20_EUR_HAB,"Chain linked volumes (2020), euro per capita",B1GQ,Gross domestic product at market prices,MT,Malta,2022,,31400,,,,,
dataflow,ESTAT:SDG_08_10(1.0),Real GDP per capita,A,Annual,CLV20_EUR_HAB,"Chain linked volumes (2020), euro per capita",B1GQ,Gross domestic product at market prices,MT,Malta,2023,,33380,,,,,
dataflow,ESTAT:SDG_08_10(1.0),Real GDP per capita,A,Annual,CLV20_EUR_HAB,"Chain linked volumes (2020), euro per capita",B1GQ,Gross domestic product at market prices,NL,Netherlands,2013,,44230,,,,,
dataflow,ESTAT:SDG_08_10(1.0),Real GDP per capita,A,Annual,CLV20_EUR_HAB,"Chain linked volumes (2020), euro per capita",B1GQ,Gross domestic product at market prices,NL,Netherlands,2014,,44780,,,,,
dataflow,ESTAT:SDG_08_10(1.0),Real GDP per capita,A,Annual,CLV20_EUR_HAB,"Chain linked volumes (2020), euro per capita",B1GQ,Gross domestic product at market prices,NL,Netherlands,2015,,45530,,,,,
dataflow,ESTAT:SDG_08_10(1.0),Real GDP per capita,A,Annual,CLV20_EUR_HAB,"Chain linked volumes (2020), euro per capita",B1GQ,Gross domestic product at market prices,NL,Netherlands,2016,,46380,,,,,
dataflow,ESTAT:SDG_08_10(1.0),Real GDP per capita,A,Annual,CLV20_EUR_HAB,"Chain linked volumes (2020), euro per capita",B1GQ,Gross domestic product at market prices,NL,Netherlands,2017,,47390,,,,,
dataflow,ESTAT:SDG_08_10(1.0),Real GDP per capita,A,Annual,CLV20_EUR_HAB,"Chain linked volumes (2020), euro per capita",B1GQ,Gross domestic product at market prices,NL,Netherlands,2018,,48180,,,,,
dataflow,ESTAT:SDG_08_10(1.0),Real GDP per capita,A,Annual,CLV20_EUR_HAB,"Chain linked volumes (2020), euro per capita",B1GQ,Gross domestic product at market prices,NL,Netherlands,2019,,48970,,,,,
dataflow,ESTAT:SDG_08_10(1.0),Real GDP per capita,A,Annual,CLV20_EUR_HAB,"Chain linked volumes (2020), euro per capita",B1GQ,Gross domestic product at market prices,NL,Netherlands,2020,,46810,,,,,
dataflow,ESTAT:SDG_08_10(1.0),Real GDP per capita,A,Annual,CLV20_EUR_HAB,"Chain linked volumes (2020), euro per capita",B1GQ,Gross domestic product at market prices,NL,Netherlands,2021,,49490,,,,,
dataflow,ESTAT:SDG_08_10(1.0),Real GDP per capita,A,Annual,CLV20_EUR_HAB,"Chain linked volumes (2020), euro per capita",B1GQ,Gross domestic product at market prices,NL,Netherlands,2022,,51480,,,,,
dataflow,ESTAT:SDG_08_10(1.0),Real GDP per capita,A,Annual,CLV20_EUR_HAB,"Chain linked volumes (2020), euro per capita",B1GQ,Gross domestic product at market prices,NL,Netherlands,2023,,50660,,p,provisional,,
dataflow,ESTAT:SDG_08_10(1.0),Real GDP per capita,A,Annual,CLV20_EUR_HAB,"Chain linked volumes (2020), euro per capita",B1GQ,Gross domestic product at market prices,NO,Norway,2013,,58590,,,,,
dataflow,ESTAT:SDG_08_10(1.0),Real GDP per capita,A,Annual,CLV20_EUR_HAB,"Chain linked volumes (2020), euro per capita",B1GQ,Gross domestic product at market prices,NO,Norway,2014,,59130,,,,,
dataflow,ESTAT:SDG_08_10(1.0),Real GDP per capita,A,Annual,CLV20_EUR_HAB,"Chain linked volumes (2020), euro per capita",B1GQ,Gross domestic product at market prices,NO,Norway,2015,,59610,,,,,
dataflow,ESTAT:SDG_08_10(1.0),Real GDP per capita,A,Annual,CLV20_EUR_HAB,"Chain linked volumes (2020), euro per capita",B1GQ,Gross domestic product at market prices,NO,Norway,2016,,59780,,,,,
dataflow,ESTAT:SDG_08_10(1.0),Real GDP per capita,A,Annual,CLV20_EUR_HAB,"Chain linked volumes (2020), euro per capita",B1GQ,Gross domestic product at market prices,NO,Norway,2017,,60780,,,,,
dataflow,ESTAT:SDG_08_10(1.0),Real GDP per capita,A,Annual,CLV20_EUR_HAB,"Chain linked volumes (2020), euro per capita",B1GQ,Gross domestic product at market prices,NO,Norway,2018,,60880,,,,,
dataflow,ESTAT:SDG_08_10(1.0),Real GDP per capita,A,Annual,CLV20_EUR_HAB,"Chain linked volumes (2020), euro per capita",B1GQ,Gross domestic product at market prices,NO,Norway,2019,,61150,,,,,
dataflow,ESTAT:SDG_08_10(1.0),Real GDP per capita,A,Annual,CLV20_EUR_HAB,"Chain linked volumes (2020), euro per capita",B1GQ,Gross domestic product at market prices,NO,Norway,2020,,60020,,,,,
dataflow,ESTAT:SDG_08_10(1.0),Real GDP per capita,A,Annual,CLV20_EUR_HAB,"Chain linked volumes (2020), euro per capita",B1GQ,Gross domestic product at market prices,NO,Norway,2021,,62030,,,,,
dataflow,ESTAT:SDG_08_10(1.0),Real GDP per capita,A,Annual,CLV20_EUR_HAB,"Chain linked volumes (2020), euro per capita",B1GQ,Gross domestic product at market prices,NO,Norway,2022,,63470,,,,,
dataflow,ESTAT:SDG_08_10(1.0),Real GDP per capita,A,Annual,CLV20_EUR_HAB,"Chain linked volumes (2020), euro per capita",B1GQ,Gross domestic product at market prices,NO,Norway,2023,,62790,,,,,
dataflow,ESTAT:SDG_08_10(1.0),Real GDP per capita,A,Annual,CLV20_EUR_HAB,"Chain linked volumes (2020), euro per capita",B1GQ,Gross domestic product at market prices,PL,Poland,2013,,10930,,,,,
dataflow,ESTAT:SDG_08_10(1.0),Real GDP per capita,A,Annual,CLV20_EUR_HAB,"Chain linked volumes (2020), euro per capita",B1GQ,Gross domestic product at market prices,PL,Poland,2014,,11360,,,,,
dataflow,ESTAT:SDG_08_10(1.0),Real GDP per capita,A,Annual,CLV20_EUR_HAB,"Chain linked volumes (2020), euro per capita",B1GQ,Gross domestic product at market prices,PL,Poland,2015,,11870,,,,,
dataflow,ESTAT:SDG_08_10(1.0),Real GDP per capita,A,Annual,CLV20_EUR_HAB,"Chain linked volumes (2020), euro per capita",B1GQ,Gross domestic product at market prices,PL,Poland,2016,,12240,,,,,
dataflow,ESTAT:SDG_08_10(1.0),Real GDP per capita,A,Annual,CLV20_EUR_HAB,"Chain linked volumes (2020), euro per capita",B1GQ,Gross domestic product at market prices,PL,Poland,2017,,12870,,,,,
dataflow,ESTAT:SDG_08_10(1.0),Real GDP per capita,A,Annual,CLV20_EUR_HAB,"Chain linked volumes (2020), euro per capita",B1GQ,Gross domestic product at market prices,PL,Poland,2018,,13680,,,,,
dataflow,ESTAT:SDG_08_10(1.0),Real GDP per capita,A,Annual,CLV20_EUR_HAB,"Chain linked volumes (2020), euro per capita",B1GQ,Gross domestic product at market prices,PL,Poland,2019,,14310,,,,,
dataflow,ESTAT:SDG_08_10(1.0),Real GDP per capita,A,Annual,CLV20_EUR_HAB,"Chain linked volumes (2020), euro per capita",B1GQ,Gross domestic product at market prices,PL,Poland,2020,,14310,,b,break in time series,,
dataflow,ESTAT:SDG_08_10(1.0),Real GDP per capita,A,Annual,CLV20_EUR_HAB,"Chain linked volumes (2020), euro per capita",B1GQ,Gross domestic product at market prices,PL,Poland,2021,,15380,,,,,
dataflow,ESTAT:SDG_08_10(1.0),Real GDP per capita,A,Annual,CLV20_EUR_HAB,"Chain linked volumes (2020), euro per capita",B1GQ,Gross domestic product at market prices,PL,Poland,2022,,15840,,b,break in time series,,
dataflow,ESTAT:SDG_08_10(1.0),Real GDP per capita,A,Annual,CLV20_EUR_HAB,"Chain linked volumes (2020), euro per capita",B1GQ,Gross domestic product at market prices,PL,Poland,2023,,15950,,,,,
dataflow,ESTAT:SDG_08_10(1.0),Real GDP per capita,A,Annual,CLV20_EUR_HAB,"Chain linked volumes (2020), euro per capita",B1GQ,Gross domestic product at market prices,PT,Portugal,2013,,18330,,,,,
dataflow,ESTAT:SDG_08_10(1.0),Real GDP per capita,A,Annual,CLV20_EUR_HAB,"Chain linked volumes (2020), euro per capita",B1GQ,Gross domestic product at market prices,PT,Portugal,2014,,18560,,,,,
dataflow,ESTAT:SDG_08_10(1.0),Real GDP per capita,A,Annual,CLV20_EUR_HAB,"Chain linked volumes (2020), euro per capita",B1GQ,Gross domestic product at market prices,PT,Portugal,2015,,18920,,,,,
dataflow,ESTAT:SDG_08_10(1.0),Real GDP per capita,A,Annual,CLV20_EUR_HAB,"Chain linked volumes (2020), euro per capita",B1GQ,Gross domestic product at market prices,PT,Portugal,2016,,19350,,,,,
dataflow,ESTAT:SDG_08_10(1.0),Real GDP per capita,A,Annual,CLV20_EUR_HAB,"Chain linked volumes (2020), euro per capita",B1GQ,Gross domestic product at market prices,PT,Portugal,2017,,20020,,,,,
dataflow,ESTAT:SDG_08_10(1.0),Real GDP per capita,A,Annual,CLV20_EUR_HAB,"Chain linked volumes (2020), euro per capita",B1GQ,Gross domestic product at market prices,PT,Portugal,2018,,20620,,,,,
dataflow,ESTAT:SDG_08_10(1.0),Real GDP per capita,A,Annual,CLV20_EUR_HAB,"Chain linked volumes (2020), euro per capita",B1GQ,Gross domestic product at market prices,PT,Portugal,2019,,21150,,,,,
dataflow,ESTAT:SDG_08_10(1.0),Real GDP per capita,A,Annual,CLV20_EUR_HAB,"Chain linked volumes (2020), euro per capita",B1GQ,Gross domestic product at market prices,PT,Portugal,2020,,19360,,,,,
dataflow,ESTAT:SDG_08_10(1.0),Real GDP per capita,A,Annual,CLV20_EUR_HAB,"Chain linked volumes (2020), euro per capita",B1GQ,Gross domestic product at market prices,PT,Portugal,2021,,20390,,,,,
dataflow,ESTAT:SDG_08_10(1.0),Real GDP per capita,A,Annual,CLV20_EUR_HAB,"Chain linked volumes (2020), euro per capita",B1GQ,Gross domestic product at market prices,PT,Portugal,2022,,21690,,,,,
dataflow,ESTAT:SDG_08_10(1.0),Real GDP per capita,A,Annual,CLV20_EUR_HAB,"Chain linked volumes (2020), euro per capita",B1GQ,Gross domestic product at market prices,PT,Portugal,2023,,22130,,,,,
dataflow,ESTAT:SDG_08_10(1.0),Real GDP per capita,A,Annual,CLV20_EUR_HAB,"Chain linked volumes (2020), euro per capita",B1GQ,Gross domestic product at market prices,RO,Romania,2013,,8710,,,,,
dataflow,ESTAT:SDG_08_10(1.0),Real GDP per capita,A,Annual,CLV20_EUR_HAB,"Chain linked volumes (2020), euro per capita",B1GQ,Gross domestic product at market prices,RO,Romania,2014,,9100,,,,,
dataflow,ESTAT:SDG_08_10(1.0),Real GDP per capita,A,Annual,CLV20_EUR_HAB,"Chain linked volumes (2020), euro per capita",B1GQ,Gross domestic product at market prices,RO,Romania,2015,,9430,,,,,
dataflow,ESTAT:SDG_08_10(1.0),Real GDP per capita,A,Annual,CLV20_EUR_HAB,"Chain linked volumes (2020), euro per capita",B1GQ,Gross domestic product at market prices,RO,Romania,2016,,9760,,,,,
dataflow,ESTAT:SDG_08_10(1.0),Real GDP per capita,A,Annual,CLV20_EUR_HAB,"Chain linked volumes (2020), euro per capita",B1GQ,Gross domestic product at market prices,RO,Romania,2017,,10620,,,,,
dataflow,ESTAT:SDG_08_10(1.0),Real GDP per capita,A,Annual,CLV20_EUR_HAB,"Chain linked volumes (2020), euro per capita",B1GQ,Gross domestic product at market prices,RO,Romania,2018,,11260,,,,,
dataflow,ESTAT:SDG_08_10(1.0),Real GDP per capita,A,Annual,CLV20_EUR_HAB,"Chain linked volumes (2020), euro per capita",B1GQ,Gross domestic product at market prices,RO,Romania,2019,,11760,,,,,
dataflow,ESTAT:SDG_08_10(1.0),Real GDP per capita,A,Annual,CLV20_EUR_HAB,"Chain linked volumes (2020), euro per capita",B1GQ,Gross domestic product at market prices,RO,Romania,2020,,11390,,,,,
dataflow,ESTAT:SDG_08_10(1.0),Real GDP per capita,A,Annual,CLV20_EUR_HAB,"Chain linked volumes (2020), euro per capita",B1GQ,Gross domestic product at market prices,RO,Romania,2021,,12130,,,,,
dataflow,ESTAT:SDG_08_10(1.0),Real GDP per capita,A,Annual,CLV20_EUR_HAB,"Chain linked volumes (2020), euro per capita",B1GQ,Gross domestic product at market prices,RO,Romania,2022,,12690,,,,,
dataflow,ESTAT:SDG_08_10(1.0),Real GDP per capita,A,Annual,CLV20_EUR_HAB,"Chain linked volumes (2020), euro per capita",B1GQ,Gross domestic product at market prices,RO,Romania,2023,,12970,,,,,
dataflow,ESTAT:SDG_08_10(1.0),Real GDP per capita,A,Annual,CLV20_EUR_HAB,"Chain linked volumes (2020), euro per capita",B1GQ,Gross domestic product at market prices,RS,Serbia,2013,,6010,,,,,
dataflow,ESTAT:SDG_08_10(1.0),Real GDP per capita,A,Annual,CLV20_EUR_HAB,"Chain linked volumes (2020), euro per capita",B1GQ,Gross domestic product at market prices,RS,Serbia,2014,,5930,,,,,
dataflow,ESTAT:SDG_08_10(1.0),Real GDP per capita,A,Annual,CLV20_EUR_HAB,"Chain linked volumes (2020), euro per capita",B1GQ,Gross domestic product at market prices,RS,Serbia,2015,,6040,,,,,
dataflow,ESTAT:SDG_08_10(1.0),Real GDP per capita,A,Annual,CLV20_EUR_HAB,"Chain linked volumes (2020), euro per capita",B1GQ,Gross domestic product at market prices,RS,Serbia,2016,,6250,,,,,
dataflow,ESTAT:SDG_08_10(1.0),Real GDP per capita,A,Annual,CLV20_EUR_HAB,"Chain linked volumes (2020), euro per capita",B1GQ,Gross domestic product at market prices,RS,Serbia,2017,,6430,,,,,
dataflow,ESTAT:SDG_08_10(1.0),Real GDP per capita,A,Annual,CLV20_EUR_HAB,"Chain linked volumes (2020), euro per capita",B1GQ,Gross domestic product at market prices,RS,Serbia,2018,,6770,,,,,
dataflow,ESTAT:SDG_08_10(1.0),Real GDP per capita,A,Annual,CLV20_EUR_HAB,"Chain linked volumes (2020), euro per capita",B1GQ,Gross domestic product at market prices,RS,Serbia,2019,,7130,,,,,
dataflow,ESTAT:SDG_08_10(1.0),Real GDP per capita,A,Annual,CLV20_EUR_HAB,"Chain linked volumes (2020), euro per capita",B1GQ,Gross domestic product at market prices,RS,Serbia,2020,,7110,,,,,
dataflow,ESTAT:SDG_08_10(1.0),Real GDP per capita,A,Annual,CLV20_EUR_HAB,"Chain linked volumes (2020), euro per capita",B1GQ,Gross domestic product at market prices,RS,Serbia,2021,,7740,,,,,
dataflow,ESTAT:SDG_08_10(1.0),Real GDP per capita,A,Annual,CLV20_EUR_HAB,"Chain linked volumes (2020), euro per capita",B1GQ,Gross domestic product at market prices,RS,Serbia,2022,,8160,,,,,
dataflow,ESTAT:SDG_08_10(1.0),Real GDP per capita,A,Annual,CLV20_EUR_HAB,"Chain linked volumes (2020), euro per capita",B1GQ,Gross domestic product at market prices,RS,Serbia,2023,,8510,,p,provisional,,
dataflow,ESTAT:SDG_08_10(1.0),Real GDP per capita,A,Annual,CLV20_EUR_HAB,"Chain linked volumes (2020), euro per capita",B1GQ,Gross domestic product at market prices,SE,Sweden,2013,,43770,,,,,
dataflow,ESTAT:SDG_08_10(1.0),Real GDP per capita,A,Annual,CLV20_EUR_HAB,"Chain linked volumes (2020), euro per capita",B1GQ,Gross domestic product at market prices,SE,Sweden,2014,,44330,,,,,
dataflow,ESTAT:SDG_08_10(1.0),Real GDP per capita,A,Annual,CLV20_EUR_HAB,"Chain linked volumes (2020), euro per capita",B1GQ,Gross domestic product at market prices,SE,Sweden,2015,,45790,,,,,
dataflow,ESTAT:SDG_08_10(1.0),Real GDP per capita,A,Annual,CLV20_EUR_HAB,"Chain linked volumes (2020), euro per capita",B1GQ,Gross domestic product at market prices,SE,Sweden,2016,,46220,,,,,
dataflow,ESTAT:SDG_08_10(1.0),Real GDP per capita,A,Annual,CLV20_EUR_HAB,"Chain linked volumes (2020), euro per capita",B1GQ,Gross domestic product at market prices,SE,Sweden,2017,,46420,,,,,
dataflow,ESTAT:SDG_08_10(1.0),Real GDP per capita,A,Annual,CLV20_EUR_HAB,"Chain linked volumes (2020), euro per capita",B1GQ,Gross domestic product at market prices,SE,Sweden,2018,,46700,,,,,
dataflow,ESTAT:SDG_08_10(1.0),Real GDP per capita,A,Annual,CLV20_EUR_HAB,"Chain linked volumes (2020), euro per capita",B1GQ,Gross domestic product at market prices,SE,Sweden,2019,,47410,,,,,
dataflow,ESTAT:SDG_08_10(1.0),Real GDP per capita,A,Annual,CLV20_EUR_HAB,"Chain linked volumes (2020), euro per capita",B1GQ,Gross domestic product at market prices,SE,Sweden,2020,,46180,,,,,
dataflow,ESTAT:SDG_08_10(1.0),Real GDP per capita,A,Annual,CLV20_EUR_HAB,"Chain linked volumes (2020), euro per capita",B1GQ,Gross domestic product at market prices,SE,Sweden,2021,,48300,,,,,
dataflow,ESTAT:SDG_08_10(1.0),Real GDP per capita,A,Annual,CLV20_EUR_HAB,"Chain linked volumes (2020), euro per capita",B1GQ,Gross domestic product at market prices,SE,Sweden,2022,,48390,,,,,
dataflow,ESTAT:SDG_08_10(1.0),Real GDP per capita,A,Annual,CLV20_EUR_HAB,"Chain linked volumes (2020), euro per capita",B1GQ,Gross domestic product at market prices,SE,Sweden,2023,,47960,,,,,
dataflow,ESTAT:SDG_08_10(1.0),Real GDP per capita,A,Annual,CLV20_EUR_HAB,"Chain linked volumes (2020), euro per capita",B1GQ,Gross domestic product at market prices,SI,Slovenia,2013,,19210,,,,,
dataflow,ESTAT:SDG_08_10(1.0),Real GDP per capita,A,Annual,CLV20_EUR_HAB,"Chain linked volumes (2020), euro per capita",B1GQ,Gross domestic product at market prices,SI,Slovenia,2014,,19720,,,,,
dataflow,ESTAT:SDG_08_10(1.0),Real GDP per capita,A,Annual,CLV20_EUR_HAB,"Chain linked volumes (2020), euro per capita",B1GQ,Gross domestic product at market prices,SI,Slovenia,2015,,20170,,,,,
dataflow,ESTAT:SDG_08_10(1.0),Real GDP per capita,A,Annual,CLV20_EUR_HAB,"Chain linked volumes (2020), euro per capita",B1GQ,Gross domestic product at market prices,SI,Slovenia,2016,,20770,,,,,
dataflow,ESTAT:SDG_08_10(1.0),Real GDP per capita,A,Annual,CLV20_EUR_HAB,"Chain linked volumes (2020), euro per capita",B1GQ,Gross domestic product at market prices,SI,Slovenia,2017,,21830,,,,,
dataflow,ESTAT:SDG_08_10(1.0),Real GDP per capita,A,Annual,CLV20_EUR_HAB,"Chain linked volumes (2020), euro per capita",B1GQ,Gross domestic product at market prices,SI,Slovenia,2018,,22720,,,,,
dataflow,ESTAT:SDG_08_10(1.0),Real GDP per capita,A,Annual,CLV20_EUR_HAB,"Chain linked volumes (2020), euro per capita",B1GQ,Gross domestic product at market prices,SI,Slovenia,2019,,23330,,,,,
dataflow,ESTAT:SDG_08_10(1.0),Real GDP per capita,A,Annual,CLV20_EUR_HAB,"Chain linked volumes (2020), euro per capita",B1GQ,Gross domestic product at market prices,SI,Slovenia,2020,,22230,,,,,
dataflow,ESTAT:SDG_08_10(1.0),Real GDP per capita,A,Annual,CLV20_EUR_HAB,"Chain linked volumes (2020), euro per capita",B1GQ,Gross domestic product at market prices,SI,Slovenia,2021,,24040,,,,,
dataflow,ESTAT:SDG_08_10(1.0),Real GDP per capita,A,Annual,CLV20_EUR_HAB,"Chain linked volumes (2020), euro per capita",B1GQ,Gross domestic product at market prices,SI,Slovenia,2022,,24660,,,,,
dataflow,ESTAT:SDG_08_10(1.0),Real GDP per capita,A,Annual,CLV20_EUR_HAB,"Chain linked volumes (2020), euro per capita",B1GQ,Gross domestic product at market prices,SI,Slovenia,2023,,25120,,,,,
dataflow,ESTAT:SDG_08_10(1.0),Real GDP per capita,A,Annual,CLV20_EUR_HAB,"Chain linked volumes (2020), euro per capita",B1GQ,Gross domestic product at market prices,SK,Slovakia,2013,,14830,,,,,
dataflow,ESTAT:SDG_08_10(1.0),Real GDP per capita,A,Annual,CLV20_EUR_HAB,"Chain linked volumes (2020), euro per capita",B1GQ,Gross domestic product at market prices,SK,Slovakia,2014,,15220,,,,,
dataflow,ESTAT:SDG_08_10(1.0),Real GDP per capita,A,Annual,CLV20_EUR_HAB,"Chain linked volumes (2020), euro per capita",B1GQ,Gross domestic product at market prices,SK,Slovakia,2015,,16000,,,,,
dataflow,ESTAT:SDG_08_10(1.0),Real GDP per capita,A,Annual,CLV20_EUR_HAB,"Chain linked volumes (2020), euro per capita",B1GQ,Gross domestic product at market prices,SK,Slovakia,2016,,16280,,,,,
dataflow,ESTAT:SDG_08_10(1.0),Real GDP per capita,A,Annual,CLV20_EUR_HAB,"Chain linked volumes (2020), euro per capita",B1GQ,Gross domestic product at market prices,SK,Slovakia,2017,,16730,,,,,
dataflow,ESTAT:SDG_08_10(1.0),Real GDP per capita,A,Annual,CLV20_EUR_HAB,"Chain linked volumes (2020), euro per capita",B1GQ,Gross domestic product at market prices,SK,Slovakia,2018,,17380,,,,,
dataflow,ESTAT:SDG_08_10(1.0),Real GDP per capita,A,Annual,CLV20_EUR_HAB,"Chain linked volumes (2020), euro per capita",B1GQ,Gross domestic product at market prices,SK,Slovakia,2019,,17760,,,,,
dataflow,ESTAT:SDG_08_10(1.0),Real GDP per capita,A,Annual,CLV20_EUR_HAB,"Chain linked volumes (2020), euro per capita",B1GQ,Gross domestic product at market prices,SK,Slovakia,2020,,17270,,,,,
dataflow,ESTAT:SDG_08_10(1.0),Real GDP per capita,A,Annual,CLV20_EUR_HAB,"Chain linked volumes (2020), euro per capita",B1GQ,Gross domestic product at market prices,SK,Slovakia,2021,,18320,,b,break in time series,,
dataflow,ESTAT:SDG_08_10(1.0),Real GDP per capita,A,Annual,CLV20_EUR_HAB,"Chain linked volumes (2020), euro per capita",B1GQ,Gross domestic product at market prices,SK,Slovakia,2022,,18360,,,,,
dataflow,ESTAT:SDG_08_10(1.0),Real GDP per capita,A,Annual,CLV20_EUR_HAB,"Chain linked volumes (2020), euro per capita",B1GQ,Gross domestic product at market prices,SK,Slovakia,2023,,18750,,,,,
dataflow,ESTAT:SDG_08_10(1.0),Real GDP per capita,A,Annual,CLV20_EUR_HAB,"Chain linked volumes (2020), euro per capita",B1GQ,Gross domestic product at market prices,TR,Trkiye,2013,,6360,,,,,
dataflow,ESTAT:SDG_08_10(1.0),Real GDP per capita,A,Annual,CLV20_EUR_HAB,"Chain linked volumes (2020), euro per capita",B1GQ,Gross domestic product at market prices,TR,Trkiye,2014,,6500,,,,,
dataflow,ESTAT:SDG_08_10(1.0),Real GDP per capita,A,Annual,CLV20_EUR_HAB,"Chain linked volumes (2020), euro per capita",B1GQ,Gross domestic product at market prices,TR,Trkiye,2015,,6690,,,,,
dataflow,ESTAT:SDG_08_10(1.0),Real GDP per capita,A,Annual,CLV20_EUR_HAB,"Chain linked volumes (2020), euro per capita",B1GQ,Gross domestic product at market prices,TR,Trkiye,2016,,6770,,,,,
dataflow,ESTAT:SDG_08_10(1.0),Real GDP per capita,A,Annual,CLV20_EUR_HAB,"Chain linked volumes (2020), euro per capita",B1GQ,Gross domestic product at market prices,TR,Trkiye,2017,,7170,,,,,
dataflow,ESTAT:SDG_08_10(1.0),Real GDP per capita,A,Annual,CLV20_EUR_HAB,"Chain linked volumes (2020), euro per capita",B1GQ,Gross domestic product at market prices,TR,Trkiye,2018,,7290,,,,,
dataflow,ESTAT:SDG_08_10(1.0),Real GDP per capita,A,Annual,CLV20_EUR_HAB,"Chain linked volumes (2020), euro per capita",B1GQ,Gross domestic product at market prices,TR,Trkiye,2019,,7270,,,,,
dataflow,ESTAT:SDG_08_10(1.0),Real GDP per capita,A,Annual,CLV20_EUR_HAB,"Chain linked volumes (2020), euro per capita",B1GQ,Gross domestic product at market prices,TR,Trkiye,2020,,7340,,,,,
dataflow,ESTAT:SDG_08_10(1.0),Real GDP per capita,A,Annual,CLV20_EUR_HAB,"Chain linked volumes (2020), euro per capita",B1GQ,Gross domestic product at market prices,TR,Trkiye,2021,,8130,,,,,
dataflow,ESTAT:SDG_08_10(1.0),Real GDP per capita,A,Annual,CLV20_EUR_HAB,"Chain linked volumes (2020), euro per capita",B1GQ,Gross domestic product at market prices,TR,Trkiye,2022,,8490,,,,,
dataflow,ESTAT:SDG_08_10(1.0),Real GDP per capita,A,Annual,CLV20_EUR_HAB,"Chain linked volumes (2020), euro per capita",B1GQ,Gross domestic product at market prices,TR,Trkiye,2023,,8920,,,,,
