STRUCTURE,STRUCTURE_ID,STRUCTURE_NAME,freq,Time frequency,unit,Unit of measure,na_item,National accounts indicator (ESA 2010),sector,Sector,geo,Geopolitical entity (reporting),TIME_PERIOD,Time,OBS_VALUE,Observation value,OBS_FLAG,Observation status (Flag) V2 structure,CONF_STATUS,Confidentiality status (flag)
dataflow,ESTAT:TEC00131(1.0),Household saving rate,A,Annual,PC,Percentage,SRG_S14_S15,Gross household saving rate (B8G/(B6G+D8Net)*100),S14_S15,Households; non-profit institutions serving households,AT,Austria,2013,,12.96,,,,,
dataflow,ESTAT:TEC00131(1.0),Household saving rate,A,Annual,PC,Percentage,SRG_S14_S15,Gross household saving rate (B8G/(B6G+D8Net)*100),S14_S15,Households; non-profit institutions serving households,AT,Austria,2014,,13.27,,,,,
dataflow,ESTAT:TEC00131(1.0),Household saving rate,A,Annual,PC,Percentage,SRG_S14_S15,Gross household saving rate (B8G/(B6G+D8Net)*100),S14_S15,Households; non-profit institutions serving households,AT,Austria,2015,,13.02,,,,,
dataflow,ESTAT:TEC00131(1.0),Household saving rate,A,Annual,PC,Percentage,SRG_S14_S15,Gross household saving rate (B8G/(B6G+D8Net)*100),S14_S15,Households; non-profit institutions serving households,AT,Austria,2016,,13.74,,,,,
dataflow,ESTAT:TEC00131(1.0),Household saving rate,A,Annual,PC,Percentage,SRG_S14_S15,Gross household saving rate (B8G/(B6G+D8Net)*100),S14_S15,Households; non-profit institutions serving households,AT,Austria,2017,,12.82,,,,,
dataflow,ESTAT:TEC00131(1.0),Household saving rate,A,Annual,PC,Percentage,SRG_S14_S15,Gross household saving rate (B8G/(B6G+D8Net)*100),S14_S15,Households; non-profit institutions serving households,AT,Austria,2018,,13.41,,,,,
dataflow,ESTAT:TEC00131(1.0),Household saving rate,A,Annual,PC,Percentage,SRG_S14_S15,Gross household saving rate (B8G/(B6G+D8Net)*100),S14_S15,Households; non-profit institutions serving households,AT,Austria,2019,,13.04,,,,,
dataflow,ESTAT:TEC00131(1.0),Household saving rate,A,Annual,PC,Percentage,SRG_S14_S15,Gross household saving rate (B8G/(B6G+D8Net)*100),S14_S15,Households; non-profit institutions serving households,AT,Austria,2020,,19.15,,,,,
dataflow,ESTAT:TEC00131(1.0),Household saving rate,A,Annual,PC,Percentage,SRG_S14_S15,Gross household saving rate (B8G/(B6G+D8Net)*100),S14_S15,Households; non-profit institutions serving households,AT,Austria,2021,,17.25,,,,,
dataflow,ESTAT:TEC00131(1.0),Household saving rate,A,Annual,PC,Percentage,SRG_S14_S15,Gross household saving rate (B8G/(B6G+D8Net)*100),S14_S15,Households; non-profit institutions serving households,AT,Austria,2022,,15.24,,,,,
dataflow,ESTAT:TEC00131(1.0),Household saving rate,A,Annual,PC,Percentage,SRG_S14_S15,Gross household saving rate (B8G/(B6G+D8Net)*100),S14_S15,Households; non-profit institutions serving households,AT,Austria,2023,,14.75,,,,,
dataflow,ESTAT:TEC00131(1.0),Household saving rate,A,Annual,PC,Percentage,SRG_S14_S15,Gross household saving rate (B8G/(B6G+D8Net)*100),S14_S15,Households; non-profit institutions serving households,BE,Belgium,2013,,13.10,,,,,
dataflow,ESTAT:TEC00131(1.0),Household saving rate,A,Annual,PC,Percentage,SRG_S14_S15,Gross household saving rate (B8G/(B6G+D8Net)*100),S14_S15,Households; non-profit institutions serving households,BE,Belgium,2014,,12.63,,,,,
dataflow,ESTAT:TEC00131(1.0),Household saving rate,A,Annual,PC,Percentage,SRG_S14_S15,Gross household saving rate (B8G/(B6G+D8Net)*100),S14_S15,Households; non-profit institutions serving households,BE,Belgium,2015,,11.59,,,,,
dataflow,ESTAT:TEC00131(1.0),Household saving rate,A,Annual,PC,Percentage,SRG_S14_S15,Gross household saving rate (B8G/(B6G+D8Net)*100),S14_S15,Households; non-profit institutions serving households,BE,Belgium,2016,,11.47,,,,,
dataflow,ESTAT:TEC00131(1.0),Household saving rate,A,Annual,PC,Percentage,SRG_S14_S15,Gross household saving rate (B8G/(B6G+D8Net)*100),S14_S15,Households; non-profit institutions serving households,BE,Belgium,2017,,11.11,,,,,
dataflow,ESTAT:TEC00131(1.0),Household saving rate,A,Annual,PC,Percentage,SRG_S14_S15,Gross household saving rate (B8G/(B6G+D8Net)*100),S14_S15,Households; non-profit institutions serving households,BE,Belgium,2018,,10.87,,,,,
dataflow,ESTAT:TEC00131(1.0),Household saving rate,A,Annual,PC,Percentage,SRG_S14_S15,Gross household saving rate (B8G/(B6G+D8Net)*100),S14_S15,Households; non-profit institutions serving households,BE,Belgium,2019,,12.12,,,,,
dataflow,ESTAT:TEC00131(1.0),Household saving rate,A,Annual,PC,Percentage,SRG_S14_S15,Gross household saving rate (B8G/(B6G+D8Net)*100),S14_S15,Households; non-profit institutions serving households,BE,Belgium,2020,,19.07,,,,,
dataflow,ESTAT:TEC00131(1.0),Household saving rate,A,Annual,PC,Percentage,SRG_S14_S15,Gross household saving rate (B8G/(B6G+D8Net)*100),S14_S15,Households; non-profit institutions serving households,BE,Belgium,2021,,16.64,,,,,
dataflow,ESTAT:TEC00131(1.0),Household saving rate,A,Annual,PC,Percentage,SRG_S14_S15,Gross household saving rate (B8G/(B6G+D8Net)*100),S14_S15,Households; non-profit institutions serving households,BE,Belgium,2022,,12.90,,,,,
dataflow,ESTAT:TEC00131(1.0),Household saving rate,A,Annual,PC,Percentage,SRG_S14_S15,Gross household saving rate (B8G/(B6G+D8Net)*100),S14_S15,Households; non-profit institutions serving households,BE,Belgium,2023,,14.02,,,,,
dataflow,ESTAT:TEC00131(1.0),Household saving rate,A,Annual,PC,Percentage,SRG_S14_S15,Gross household saving rate (B8G/(B6G+D8Net)*100),S14_S15,Households; non-profit institutions serving households,BG,Bulgaria,2013,,1.44,,,,,
dataflow,ESTAT:TEC00131(1.0),Household saving rate,A,Annual,PC,Percentage,SRG_S14_S15,Gross household saving rate (B8G/(B6G+D8Net)*100),S14_S15,Households; non-profit institutions serving households,BG,Bulgaria,2014,,-0.54,,,,,
dataflow,ESTAT:TEC00131(1.0),Household saving rate,A,Annual,PC,Percentage,SRG_S14_S15,Gross household saving rate (B8G/(B6G+D8Net)*100),S14_S15,Households; non-profit institutions serving households,BG,Bulgaria,2015,,-1.55,,,,,
dataflow,ESTAT:TEC00131(1.0),Household saving rate,A,Annual,PC,Percentage,SRG_S14_S15,Gross household saving rate (B8G/(B6G+D8Net)*100),S14_S15,Households; non-profit institutions serving households,BG,Bulgaria,2016,,-1.55,,,,,
dataflow,ESTAT:TEC00131(1.0),Household saving rate,A,Annual,PC,Percentage,SRG_S14_S15,Gross household saving rate (B8G/(B6G+D8Net)*100),S14_S15,Households; non-profit institutions serving households,BG,Bulgaria,2017,,-0.77,,,,,
dataflow,ESTAT:TEC00131(1.0),Household saving rate,A,Annual,PC,Percentage,SRG_S14_S15,Gross household saving rate (B8G/(B6G+D8Net)*100),S14_S15,Households; non-profit institutions serving households,BG,Bulgaria,2018,,2.86,,,,,
dataflow,ESTAT:TEC00131(1.0),Household saving rate,A,Annual,PC,Percentage,SRG_S14_S15,Gross household saving rate (B8G/(B6G+D8Net)*100),S14_S15,Households; non-profit institutions serving households,BG,Bulgaria,2019,,-0.77,,,,,
dataflow,ESTAT:TEC00131(1.0),Household saving rate,A,Annual,PC,Percentage,SRG_S14_S15,Gross household saving rate (B8G/(B6G+D8Net)*100),S14_S15,Households; non-profit institutions serving households,BG,Bulgaria,2020,,-1.09,,,,,
dataflow,ESTAT:TEC00131(1.0),Household saving rate,A,Annual,PC,Percentage,SRG_S14_S15,Gross household saving rate (B8G/(B6G+D8Net)*100),S14_S15,Households; non-profit institutions serving households,BG,Bulgaria,2021,,-5.56,,,,,
dataflow,ESTAT:TEC00131(1.0),Household saving rate,A,Annual,PC,Percentage,SRG_S14_S15,Gross household saving rate (B8G/(B6G+D8Net)*100),S14_S15,Households; non-profit institutions serving households,BG,Bulgaria,2022,,-6.63,,,,,
dataflow,ESTAT:TEC00131(1.0),Household saving rate,A,Annual,PC,Percentage,SRG_S14_S15,Gross household saving rate (B8G/(B6G+D8Net)*100),S14_S15,Households; non-profit institutions serving households,CH,Switzerland,2013,,22.41,,,,,
dataflow,ESTAT:TEC00131(1.0),Household saving rate,A,Annual,PC,Percentage,SRG_S14_S15,Gross household saving rate (B8G/(B6G+D8Net)*100),S14_S15,Households; non-profit institutions serving households,CH,Switzerland,2014,,23.39,,,,,
dataflow,ESTAT:TEC00131(1.0),Household saving rate,A,Annual,PC,Percentage,SRG_S14_S15,Gross household saving rate (B8G/(B6G+D8Net)*100),S14_S15,Households; non-profit institutions serving households,CH,Switzerland,2015,,22.45,,,,,
dataflow,ESTAT:TEC00131(1.0),Household saving rate,A,Annual,PC,Percentage,SRG_S14_S15,Gross household saving rate (B8G/(B6G+D8Net)*100),S14_S15,Households; non-profit institutions serving households,CH,Switzerland,2016,,21.90,,,,,
dataflow,ESTAT:TEC00131(1.0),Household saving rate,A,Annual,PC,Percentage,SRG_S14_S15,Gross household saving rate (B8G/(B6G+D8Net)*100),S14_S15,Households; non-profit institutions serving households,CH,Switzerland,2017,,20.95,,,,,
dataflow,ESTAT:TEC00131(1.0),Household saving rate,A,Annual,PC,Percentage,SRG_S14_S15,Gross household saving rate (B8G/(B6G+D8Net)*100),S14_S15,Households; non-profit institutions serving households,CH,Switzerland,2018,,20.42,,,,,
dataflow,ESTAT:TEC00131(1.0),Household saving rate,A,Annual,PC,Percentage,SRG_S14_S15,Gross household saving rate (B8G/(B6G+D8Net)*100),S14_S15,Households; non-profit institutions serving households,CH,Switzerland,2019,,21.69,,,,,
dataflow,ESTAT:TEC00131(1.0),Household saving rate,A,Annual,PC,Percentage,SRG_S14_S15,Gross household saving rate (B8G/(B6G+D8Net)*100),S14_S15,Households; non-profit institutions serving households,CH,Switzerland,2020,,26.06,,,,,
dataflow,ESTAT:TEC00131(1.0),Household saving rate,A,Annual,PC,Percentage,SRG_S14_S15,Gross household saving rate (B8G/(B6G+D8Net)*100),S14_S15,Households; non-profit institutions serving households,CH,Switzerland,2021,,25.52,,,,,
dataflow,ESTAT:TEC00131(1.0),Household saving rate,A,Annual,PC,Percentage,SRG_S14_S15,Gross household saving rate (B8G/(B6G+D8Net)*100),S14_S15,Households; non-profit institutions serving households,CH,Switzerland,2022,,22.33,,p,provisional,,
dataflow,ESTAT:TEC00131(1.0),Household saving rate,A,Annual,PC,Percentage,SRG_S14_S15,Gross household saving rate (B8G/(B6G+D8Net)*100),S14_S15,Households; non-profit institutions serving households,CH,Switzerland,2023,,21.97,,p,provisional,,
dataflow,ESTAT:TEC00131(1.0),Household saving rate,A,Annual,PC,Percentage,SRG_S14_S15,Gross household saving rate (B8G/(B6G+D8Net)*100),S14_S15,Households; non-profit institutions serving households,CY,Cyprus,2013,,2.32,,,,,
dataflow,ESTAT:TEC00131(1.0),Household saving rate,A,Annual,PC,Percentage,SRG_S14_S15,Gross household saving rate (B8G/(B6G+D8Net)*100),S14_S15,Households; non-profit institutions serving households,CY,Cyprus,2014,,-0.05,,,,,
dataflow,ESTAT:TEC00131(1.0),Household saving rate,A,Annual,PC,Percentage,SRG_S14_S15,Gross household saving rate (B8G/(B6G+D8Net)*100),S14_S15,Households; non-profit institutions serving households,CY,Cyprus,2015,,2.00,,,,,
dataflow,ESTAT:TEC00131(1.0),Household saving rate,A,Annual,PC,Percentage,SRG_S14_S15,Gross household saving rate (B8G/(B6G+D8Net)*100),S14_S15,Households; non-profit institutions serving households,CY,Cyprus,2016,,2.91,,,,,
dataflow,ESTAT:TEC00131(1.0),Household saving rate,A,Annual,PC,Percentage,SRG_S14_S15,Gross household saving rate (B8G/(B6G+D8Net)*100),S14_S15,Households; non-profit institutions serving households,CY,Cyprus,2017,,2.52,,,,,
dataflow,ESTAT:TEC00131(1.0),Household saving rate,A,Annual,PC,Percentage,SRG_S14_S15,Gross household saving rate (B8G/(B6G+D8Net)*100),S14_S15,Households; non-profit institutions serving households,CY,Cyprus,2018,,4.01,,,,,
dataflow,ESTAT:TEC00131(1.0),Household saving rate,A,Annual,PC,Percentage,SRG_S14_S15,Gross household saving rate (B8G/(B6G+D8Net)*100),S14_S15,Households; non-profit institutions serving households,CY,Cyprus,2019,,6.41,,,,,
dataflow,ESTAT:TEC00131(1.0),Household saving rate,A,Annual,PC,Percentage,SRG_S14_S15,Gross household saving rate (B8G/(B6G+D8Net)*100),S14_S15,Households; non-profit institutions serving households,CY,Cyprus,2020,,13.58,,,,,
dataflow,ESTAT:TEC00131(1.0),Household saving rate,A,Annual,PC,Percentage,SRG_S14_S15,Gross household saving rate (B8G/(B6G+D8Net)*100),S14_S15,Households; non-profit institutions serving households,CY,Cyprus,2021,,14.76,,,,,
dataflow,ESTAT:TEC00131(1.0),Household saving rate,A,Annual,PC,Percentage,SRG_S14_S15,Gross household saving rate (B8G/(B6G+D8Net)*100),S14_S15,Households; non-profit institutions serving households,CY,Cyprus,2022,,5.60,,,,,
dataflow,ESTAT:TEC00131(1.0),Household saving rate,A,Annual,PC,Percentage,SRG_S14_S15,Gross household saving rate (B8G/(B6G+D8Net)*100),S14_S15,Households; non-profit institutions serving households,CY,Cyprus,2023,,5.70,,,,,
dataflow,ESTAT:TEC00131(1.0),Household saving rate,A,Annual,PC,Percentage,SRG_S14_S15,Gross household saving rate (B8G/(B6G+D8Net)*100),S14_S15,Households; non-profit institutions serving households,CZ,Czechia,2013,,11.14,,,,,
dataflow,ESTAT:TEC00131(1.0),Household saving rate,A,Annual,PC,Percentage,SRG_S14_S15,Gross household saving rate (B8G/(B6G+D8Net)*100),S14_S15,Households; non-profit institutions serving households,CZ,Czechia,2014,,12.16,,,,,
dataflow,ESTAT:TEC00131(1.0),Household saving rate,A,Annual,PC,Percentage,SRG_S14_S15,Gross household saving rate (B8G/(B6G+D8Net)*100),S14_S15,Households; non-profit institutions serving households,CZ,Czechia,2015,,11.08,,,,,
dataflow,ESTAT:TEC00131(1.0),Household saving rate,A,Annual,PC,Percentage,SRG_S14_S15,Gross household saving rate (B8G/(B6G+D8Net)*100),S14_S15,Households; non-profit institutions serving households,CZ,Czechia,2016,,10.44,,,,,
dataflow,ESTAT:TEC00131(1.0),Household saving rate,A,Annual,PC,Percentage,SRG_S14_S15,Gross household saving rate (B8G/(B6G+D8Net)*100),S14_S15,Households; non-profit institutions serving households,CZ,Czechia,2017,,10.77,,,,,
dataflow,ESTAT:TEC00131(1.0),Household saving rate,A,Annual,PC,Percentage,SRG_S14_S15,Gross household saving rate (B8G/(B6G+D8Net)*100),S14_S15,Households; non-profit institutions serving households,CZ,Czechia,2018,,11.53,,,,,
dataflow,ESTAT:TEC00131(1.0),Household saving rate,A,Annual,PC,Percentage,SRG_S14_S15,Gross household saving rate (B8G/(B6G+D8Net)*100),S14_S15,Households; non-profit institutions serving households,CZ,Czechia,2019,,11.88,,,,,
dataflow,ESTAT:TEC00131(1.0),Household saving rate,A,Annual,PC,Percentage,SRG_S14_S15,Gross household saving rate (B8G/(B6G+D8Net)*100),S14_S15,Households; non-profit institutions serving households,CZ,Czechia,2020,,18.73,,,,,
dataflow,ESTAT:TEC00131(1.0),Household saving rate,A,Annual,PC,Percentage,SRG_S14_S15,Gross household saving rate (B8G/(B6G+D8Net)*100),S14_S15,Households; non-profit institutions serving households,CZ,Czechia,2021,,19.57,,,,,
dataflow,ESTAT:TEC00131(1.0),Household saving rate,A,Annual,PC,Percentage,SRG_S14_S15,Gross household saving rate (B8G/(B6G+D8Net)*100),S14_S15,Households; non-profit institutions serving households,CZ,Czechia,2022,,18.20,,,,,
dataflow,ESTAT:TEC00131(1.0),Household saving rate,A,Annual,PC,Percentage,SRG_S14_S15,Gross household saving rate (B8G/(B6G+D8Net)*100),S14_S15,Households; non-profit institutions serving households,CZ,Czechia,2023,,20.55,,,,,
dataflow,ESTAT:TEC00131(1.0),Household saving rate,A,Annual,PC,Percentage,SRG_S14_S15,Gross household saving rate (B8G/(B6G+D8Net)*100),S14_S15,Households; non-profit institutions serving households,DE,Germany,2013,,16.44,,,,,
dataflow,ESTAT:TEC00131(1.0),Household saving rate,A,Annual,PC,Percentage,SRG_S14_S15,Gross household saving rate (B8G/(B6G+D8Net)*100),S14_S15,Households; non-profit institutions serving households,DE,Germany,2014,,17.07,,,,,
dataflow,ESTAT:TEC00131(1.0),Household saving rate,A,Annual,PC,Percentage,SRG_S14_S15,Gross household saving rate (B8G/(B6G+D8Net)*100),S14_S15,Households; non-profit institutions serving households,DE,Germany,2015,,17.24,,,,,
dataflow,ESTAT:TEC00131(1.0),Household saving rate,A,Annual,PC,Percentage,SRG_S14_S15,Gross household saving rate (B8G/(B6G+D8Net)*100),S14_S15,Households; non-profit institutions serving households,DE,Germany,2016,,17.15,,,,,
dataflow,ESTAT:TEC00131(1.0),Household saving rate,A,Annual,PC,Percentage,SRG_S14_S15,Gross household saving rate (B8G/(B6G+D8Net)*100),S14_S15,Households; non-profit institutions serving households,DE,Germany,2017,,17.57,,,,,
dataflow,ESTAT:TEC00131(1.0),Household saving rate,A,Annual,PC,Percentage,SRG_S14_S15,Gross household saving rate (B8G/(B6G+D8Net)*100),S14_S15,Households; non-profit institutions serving households,DE,Germany,2018,,18.20,,,,,
dataflow,ESTAT:TEC00131(1.0),Household saving rate,A,Annual,PC,Percentage,SRG_S14_S15,Gross household saving rate (B8G/(B6G+D8Net)*100),S14_S15,Households; non-profit institutions serving households,DE,Germany,2019,,17.93,,,,,
dataflow,ESTAT:TEC00131(1.0),Household saving rate,A,Annual,PC,Percentage,SRG_S14_S15,Gross household saving rate (B8G/(B6G+D8Net)*100),S14_S15,Households; non-profit institutions serving households,DE,Germany,2020,,23.24,,,,,
dataflow,ESTAT:TEC00131(1.0),Household saving rate,A,Annual,PC,Percentage,SRG_S14_S15,Gross household saving rate (B8G/(B6G+D8Net)*100),S14_S15,Households; non-profit institutions serving households,DE,Germany,2021,,21.99,,,,,
dataflow,ESTAT:TEC00131(1.0),Household saving rate,A,Annual,PC,Percentage,SRG_S14_S15,Gross household saving rate (B8G/(B6G+D8Net)*100),S14_S15,Households; non-profit institutions serving households,DE,Germany,2022,,18.90,,p,provisional,,
dataflow,ESTAT:TEC00131(1.0),Household saving rate,A,Annual,PC,Percentage,SRG_S14_S15,Gross household saving rate (B8G/(B6G+D8Net)*100),S14_S15,Households; non-profit institutions serving households,DE,Germany,2023,,19.25,,p,provisional,,
dataflow,ESTAT:TEC00131(1.0),Household saving rate,A,Annual,PC,Percentage,SRG_S14_S15,Gross household saving rate (B8G/(B6G+D8Net)*100),S14_S15,Households; non-profit institutions serving households,DK,Denmark,2013,,5.06,,,,,
dataflow,ESTAT:TEC00131(1.0),Household saving rate,A,Annual,PC,Percentage,SRG_S14_S15,Gross household saving rate (B8G/(B6G+D8Net)*100),S14_S15,Households; non-profit institutions serving households,DK,Denmark,2014,,1.21,,,,,
dataflow,ESTAT:TEC00131(1.0),Household saving rate,A,Annual,PC,Percentage,SRG_S14_S15,Gross household saving rate (B8G/(B6G+D8Net)*100),S14_S15,Households; non-profit institutions serving households,DK,Denmark,2015,,8.37,,,,,
dataflow,ESTAT:TEC00131(1.0),Household saving rate,A,Annual,PC,Percentage,SRG_S14_S15,Gross household saving rate (B8G/(B6G+D8Net)*100),S14_S15,Households; non-profit institutions serving households,DK,Denmark,2016,,8.87,,,,,
dataflow,ESTAT:TEC00131(1.0),Household saving rate,A,Annual,PC,Percentage,SRG_S14_S15,Gross household saving rate (B8G/(B6G+D8Net)*100),S14_S15,Households; non-profit institutions serving households,DK,Denmark,2017,,9.59,,,,,
dataflow,ESTAT:TEC00131(1.0),Household saving rate,A,Annual,PC,Percentage,SRG_S14_S15,Gross household saving rate (B8G/(B6G+D8Net)*100),S14_S15,Households; non-profit institutions serving households,DK,Denmark,2018,,9.50,,,,,
dataflow,ESTAT:TEC00131(1.0),Household saving rate,A,Annual,PC,Percentage,SRG_S14_S15,Gross household saving rate (B8G/(B6G+D8Net)*100),S14_S15,Households; non-profit institutions serving households,DK,Denmark,2019,,7.91,,,,,
dataflow,ESTAT:TEC00131(1.0),Household saving rate,A,Annual,PC,Percentage,SRG_S14_S15,Gross household saving rate (B8G/(B6G+D8Net)*100),S14_S15,Households; non-profit institutions serving households,DK,Denmark,2020,,9.16,,,,,
dataflow,ESTAT:TEC00131(1.0),Household saving rate,A,Annual,PC,Percentage,SRG_S14_S15,Gross household saving rate (B8G/(B6G+D8Net)*100),S14_S15,Households; non-profit institutions serving households,DK,Denmark,2021,,6.79,,,,,
dataflow,ESTAT:TEC00131(1.0),Household saving rate,A,Annual,PC,Percentage,SRG_S14_S15,Gross household saving rate (B8G/(B6G+D8Net)*100),S14_S15,Households; non-profit institutions serving households,DK,Denmark,2022,,11.09,,,,,
dataflow,ESTAT:TEC00131(1.0),Household saving rate,A,Annual,PC,Percentage,SRG_S14_S15,Gross household saving rate (B8G/(B6G+D8Net)*100),S14_S15,Households; non-profit institutions serving households,DK,Denmark,2023,,14.73,,,,,
dataflow,ESTAT:TEC00131(1.0),Household saving rate,A,Annual,PC,Percentage,SRG_S14_S15,Gross household saving rate (B8G/(B6G+D8Net)*100),S14_S15,Households; non-profit institutions serving households,EE,Estonia,2013,,7.23,,,,,
dataflow,ESTAT:TEC00131(1.0),Household saving rate,A,Annual,PC,Percentage,SRG_S14_S15,Gross household saving rate (B8G/(B6G+D8Net)*100),S14_S15,Households; non-profit institutions serving households,EE,Estonia,2014,,6.50,,,,,
dataflow,ESTAT:TEC00131(1.0),Household saving rate,A,Annual,PC,Percentage,SRG_S14_S15,Gross household saving rate (B8G/(B6G+D8Net)*100),S14_S15,Households; non-profit institutions serving households,EE,Estonia,2015,,8.40,,,,,
dataflow,ESTAT:TEC00131(1.0),Household saving rate,A,Annual,PC,Percentage,SRG_S14_S15,Gross household saving rate (B8G/(B6G+D8Net)*100),S14_S15,Households; non-profit institutions serving households,EE,Estonia,2016,,7.44,,,,,
dataflow,ESTAT:TEC00131(1.0),Household saving rate,A,Annual,PC,Percentage,SRG_S14_S15,Gross household saving rate (B8G/(B6G+D8Net)*100),S14_S15,Households; non-profit institutions serving households,EE,Estonia,2017,,8.00,,,,,
dataflow,ESTAT:TEC00131(1.0),Household saving rate,A,Annual,PC,Percentage,SRG_S14_S15,Gross household saving rate (B8G/(B6G+D8Net)*100),S14_S15,Households; non-profit institutions serving households,EE,Estonia,2018,,10.94,,,,,
dataflow,ESTAT:TEC00131(1.0),Household saving rate,A,Annual,PC,Percentage,SRG_S14_S15,Gross household saving rate (B8G/(B6G+D8Net)*100),S14_S15,Households; non-profit institutions serving households,EE,Estonia,2019,,10.12,,,,,
dataflow,ESTAT:TEC00131(1.0),Household saving rate,A,Annual,PC,Percentage,SRG_S14_S15,Gross household saving rate (B8G/(B6G+D8Net)*100),S14_S15,Households; non-profit institutions serving households,EE,Estonia,2020,,12.96,,,,,
dataflow,ESTAT:TEC00131(1.0),Household saving rate,A,Annual,PC,Percentage,SRG_S14_S15,Gross household saving rate (B8G/(B6G+D8Net)*100),S14_S15,Households; non-profit institutions serving households,EE,Estonia,2021,,8.37,,,,,
dataflow,ESTAT:TEC00131(1.0),Household saving rate,A,Annual,PC,Percentage,SRG_S14_S15,Gross household saving rate (B8G/(B6G+D8Net)*100),S14_S15,Households; non-profit institutions serving households,EE,Estonia,2022,,1.99,,,,,
dataflow,ESTAT:TEC00131(1.0),Household saving rate,A,Annual,PC,Percentage,SRG_S14_S15,Gross household saving rate (B8G/(B6G+D8Net)*100),S14_S15,Households; non-profit institutions serving households,EE,Estonia,2023,,3.55,,,,,
dataflow,ESTAT:TEC00131(1.0),Household saving rate,A,Annual,PC,Percentage,SRG_S14_S15,Gross household saving rate (B8G/(B6G+D8Net)*100),S14_S15,Households; non-profit institutions serving households,EL,Greece,2013,,-5.33,,,,,
dataflow,ESTAT:TEC00131(1.0),Household saving rate,A,Annual,PC,Percentage,SRG_S14_S15,Gross household saving rate (B8G/(B6G+D8Net)*100),S14_S15,Households; non-profit institutions serving households,EL,Greece,2014,,-3.48,,,,,
dataflow,ESTAT:TEC00131(1.0),Household saving rate,A,Annual,PC,Percentage,SRG_S14_S15,Gross household saving rate (B8G/(B6G+D8Net)*100),S14_S15,Households; non-profit institutions serving households,EL,Greece,2015,,-1.63,,,,,
dataflow,ESTAT:TEC00131(1.0),Household saving rate,A,Annual,PC,Percentage,SRG_S14_S15,Gross household saving rate (B8G/(B6G+D8Net)*100),S14_S15,Households; non-profit institutions serving households,EL,Greece,2016,,-2.24,,,,,
dataflow,ESTAT:TEC00131(1.0),Household saving rate,A,Annual,PC,Percentage,SRG_S14_S15,Gross household saving rate (B8G/(B6G+D8Net)*100),S14_S15,Households; non-profit institutions serving households,EL,Greece,2017,,-4.26,,,,,
dataflow,ESTAT:TEC00131(1.0),Household saving rate,A,Annual,PC,Percentage,SRG_S14_S15,Gross household saving rate (B8G/(B6G+D8Net)*100),S14_S15,Households; non-profit institutions serving households,EL,Greece,2018,,-7.01,,,,,
dataflow,ESTAT:TEC00131(1.0),Household saving rate,A,Annual,PC,Percentage,SRG_S14_S15,Gross household saving rate (B8G/(B6G+D8Net)*100),S14_S15,Households; non-profit institutions serving households,EL,Greece,2019,,-2.42,,,,,
dataflow,ESTAT:TEC00131(1.0),Household saving rate,A,Annual,PC,Percentage,SRG_S14_S15,Gross household saving rate (B8G/(B6G+D8Net)*100),S14_S15,Households; non-profit institutions serving households,EL,Greece,2020,,0.65,,,,,
dataflow,ESTAT:TEC00131(1.0),Household saving rate,A,Annual,PC,Percentage,SRG_S14_S15,Gross household saving rate (B8G/(B6G+D8Net)*100),S14_S15,Households; non-profit institutions serving households,EL,Greece,2021,,4.43,,,,,
dataflow,ESTAT:TEC00131(1.0),Household saving rate,A,Annual,PC,Percentage,SRG_S14_S15,Gross household saving rate (B8G/(B6G+D8Net)*100),S14_S15,Households; non-profit institutions serving households,EL,Greece,2022,,-4.99,,,,,
dataflow,ESTAT:TEC00131(1.0),Household saving rate,A,Annual,PC,Percentage,SRG_S14_S15,Gross household saving rate (B8G/(B6G+D8Net)*100),S14_S15,Households; non-profit institutions serving households,EL,Greece,2023,,-2.44,,p,provisional,,
dataflow,ESTAT:TEC00131(1.0),Household saving rate,A,Annual,PC,Percentage,SRG_S14_S15,Gross household saving rate (B8G/(B6G+D8Net)*100),S14_S15,Households; non-profit institutions serving households,ES,Spain,2013,,8.46,,,,,
dataflow,ESTAT:TEC00131(1.0),Household saving rate,A,Annual,PC,Percentage,SRG_S14_S15,Gross household saving rate (B8G/(B6G+D8Net)*100),S14_S15,Households; non-profit institutions serving households,ES,Spain,2014,,6.98,,,,,
dataflow,ESTAT:TEC00131(1.0),Household saving rate,A,Annual,PC,Percentage,SRG_S14_S15,Gross household saving rate (B8G/(B6G+D8Net)*100),S14_S15,Households; non-profit institutions serving households,ES,Spain,2015,,7.93,,,,,
dataflow,ESTAT:TEC00131(1.0),Household saving rate,A,Annual,PC,Percentage,SRG_S14_S15,Gross household saving rate (B8G/(B6G+D8Net)*100),S14_S15,Households; non-profit institutions serving households,ES,Spain,2016,,7.71,,,,,
dataflow,ESTAT:TEC00131(1.0),Household saving rate,A,Annual,PC,Percentage,SRG_S14_S15,Gross household saving rate (B8G/(B6G+D8Net)*100),S14_S15,Households; non-profit institutions serving households,ES,Spain,2017,,6.30,,,,,
dataflow,ESTAT:TEC00131(1.0),Household saving rate,A,Annual,PC,Percentage,SRG_S14_S15,Gross household saving rate (B8G/(B6G+D8Net)*100),S14_S15,Households; non-profit institutions serving households,ES,Spain,2018,,6.10,,,,,
dataflow,ESTAT:TEC00131(1.0),Household saving rate,A,Annual,PC,Percentage,SRG_S14_S15,Gross household saving rate (B8G/(B6G+D8Net)*100),S14_S15,Households; non-profit institutions serving households,ES,Spain,2019,,8.61,,,,,
dataflow,ESTAT:TEC00131(1.0),Household saving rate,A,Annual,PC,Percentage,SRG_S14_S15,Gross household saving rate (B8G/(B6G+D8Net)*100),S14_S15,Households; non-profit institutions serving households,ES,Spain,2020,,17.62,,,,,
dataflow,ESTAT:TEC00131(1.0),Household saving rate,A,Annual,PC,Percentage,SRG_S14_S15,Gross household saving rate (B8G/(B6G+D8Net)*100),S14_S15,Households; non-profit institutions serving households,ES,Spain,2021,,14.26,,,,,
dataflow,ESTAT:TEC00131(1.0),Household saving rate,A,Annual,PC,Percentage,SRG_S14_S15,Gross household saving rate (B8G/(B6G+D8Net)*100),S14_S15,Households; non-profit institutions serving households,ES,Spain,2022,,8.98,,,,,
dataflow,ESTAT:TEC00131(1.0),Household saving rate,A,Annual,PC,Percentage,SRG_S14_S15,Gross household saving rate (B8G/(B6G+D8Net)*100),S14_S15,Households; non-profit institutions serving households,ES,Spain,2023,,11.68,,,,,
dataflow,ESTAT:TEC00131(1.0),Household saving rate,A,Annual,PC,Percentage,SRG_S14_S15,Gross household saving rate (B8G/(B6G+D8Net)*100),S14_S15,Households; non-profit institutions serving households,FI,Finland,2013,,9.01,,,,,
dataflow,ESTAT:TEC00131(1.0),Household saving rate,A,Annual,PC,Percentage,SRG_S14_S15,Gross household saving rate (B8G/(B6G+D8Net)*100),S14_S15,Households; non-profit institutions serving households,FI,Finland,2014,,8.41,,,,,
dataflow,ESTAT:TEC00131(1.0),Household saving rate,A,Annual,PC,Percentage,SRG_S14_S15,Gross household saving rate (B8G/(B6G+D8Net)*100),S14_S15,Households; non-profit institutions serving households,FI,Finland,2015,,8.23,,,,,
dataflow,ESTAT:TEC00131(1.0),Household saving rate,A,Annual,PC,Percentage,SRG_S14_S15,Gross household saving rate (B8G/(B6G+D8Net)*100),S14_S15,Households; non-profit institutions serving households,FI,Finland,2016,,7.75,,,,,
dataflow,ESTAT:TEC00131(1.0),Household saving rate,A,Annual,PC,Percentage,SRG_S14_S15,Gross household saving rate (B8G/(B6G+D8Net)*100),S14_S15,Households; non-profit institutions serving households,FI,Finland,2017,,8.52,,,,,
dataflow,ESTAT:TEC00131(1.0),Household saving rate,A,Annual,PC,Percentage,SRG_S14_S15,Gross household saving rate (B8G/(B6G+D8Net)*100),S14_S15,Households; non-profit institutions serving households,FI,Finland,2018,,9.26,,,,,
dataflow,ESTAT:TEC00131(1.0),Household saving rate,A,Annual,PC,Percentage,SRG_S14_S15,Gross household saving rate (B8G/(B6G+D8Net)*100),S14_S15,Households; non-profit institutions serving households,FI,Finland,2019,,11.05,,,,,
dataflow,ESTAT:TEC00131(1.0),Household saving rate,A,Annual,PC,Percentage,SRG_S14_S15,Gross household saving rate (B8G/(B6G+D8Net)*100),S14_S15,Households; non-profit institutions serving households,FI,Finland,2020,,14.46,,,,,
dataflow,ESTAT:TEC00131(1.0),Household saving rate,A,Annual,PC,Percentage,SRG_S14_S15,Gross household saving rate (B8G/(B6G+D8Net)*100),S14_S15,Households; non-profit institutions serving households,FI,Finland,2021,,12.48,,,,,
dataflow,ESTAT:TEC00131(1.0),Household saving rate,A,Annual,PC,Percentage,SRG_S14_S15,Gross household saving rate (B8G/(B6G+D8Net)*100),S14_S15,Households; non-profit institutions serving households,FI,Finland,2022,,10.01,,,,,
dataflow,ESTAT:TEC00131(1.0),Household saving rate,A,Annual,PC,Percentage,SRG_S14_S15,Gross household saving rate (B8G/(B6G+D8Net)*100),S14_S15,Households; non-profit institutions serving households,FI,Finland,2023,,10.94,,,,,
dataflow,ESTAT:TEC00131(1.0),Household saving rate,A,Annual,PC,Percentage,SRG_S14_S15,Gross household saving rate (B8G/(B6G+D8Net)*100),S14_S15,Households; non-profit institutions serving households,FR,France,2013,,13.87,,,,,
dataflow,ESTAT:TEC00131(1.0),Household saving rate,A,Annual,PC,Percentage,SRG_S14_S15,Gross household saving rate (B8G/(B6G+D8Net)*100),S14_S15,Households; non-profit institutions serving households,FR,France,2014,,14.15,,,,,
dataflow,ESTAT:TEC00131(1.0),Household saving rate,A,Annual,PC,Percentage,SRG_S14_S15,Gross household saving rate (B8G/(B6G+D8Net)*100),S14_S15,Households; non-profit institutions serving households,FR,France,2015,,13.61,,,,,
dataflow,ESTAT:TEC00131(1.0),Household saving rate,A,Annual,PC,Percentage,SRG_S14_S15,Gross household saving rate (B8G/(B6G+D8Net)*100),S14_S15,Households; non-profit institutions serving households,FR,France,2016,,13.41,,,,,
dataflow,ESTAT:TEC00131(1.0),Household saving rate,A,Annual,PC,Percentage,SRG_S14_S15,Gross household saving rate (B8G/(B6G+D8Net)*100),S14_S15,Households; non-profit institutions serving households,FR,France,2017,,13.67,,,,,
dataflow,ESTAT:TEC00131(1.0),Household saving rate,A,Annual,PC,Percentage,SRG_S14_S15,Gross household saving rate (B8G/(B6G+D8Net)*100),S14_S15,Households; non-profit institutions serving households,FR,France,2018,,13.54,,,,,
dataflow,ESTAT:TEC00131(1.0),Household saving rate,A,Annual,PC,Percentage,SRG_S14_S15,Gross household saving rate (B8G/(B6G+D8Net)*100),S14_S15,Households; non-profit institutions serving households,FR,France,2019,,14.24,,,,,
dataflow,ESTAT:TEC00131(1.0),Household saving rate,A,Annual,PC,Percentage,SRG_S14_S15,Gross household saving rate (B8G/(B6G+D8Net)*100),S14_S15,Households; non-profit institutions serving households,FR,France,2020,,20.03,,,,,
dataflow,ESTAT:TEC00131(1.0),Household saving rate,A,Annual,PC,Percentage,SRG_S14_S15,Gross household saving rate (B8G/(B6G+D8Net)*100),S14_S15,Households; non-profit institutions serving households,FR,France,2021,,18.67,,,,,
dataflow,ESTAT:TEC00131(1.0),Household saving rate,A,Annual,PC,Percentage,SRG_S14_S15,Gross household saving rate (B8G/(B6G+D8Net)*100),S14_S15,Households; non-profit institutions serving households,FR,France,2022,,16.51,,,,,
dataflow,ESTAT:TEC00131(1.0),Household saving rate,A,Annual,PC,Percentage,SRG_S14_S15,Gross household saving rate (B8G/(B6G+D8Net)*100),S14_S15,Households; non-profit institutions serving households,FR,France,2023,,16.72,,p,provisional,,
dataflow,ESTAT:TEC00131(1.0),Household saving rate,A,Annual,PC,Percentage,SRG_S14_S15,Gross household saving rate (B8G/(B6G+D8Net)*100),S14_S15,Households; non-profit institutions serving households,HR,Croatia,2013,,7.15,,,,,
dataflow,ESTAT:TEC00131(1.0),Household saving rate,A,Annual,PC,Percentage,SRG_S14_S15,Gross household saving rate (B8G/(B6G+D8Net)*100),S14_S15,Households; non-profit institutions serving households,HR,Croatia,2014,,9.93,,,,,
dataflow,ESTAT:TEC00131(1.0),Household saving rate,A,Annual,PC,Percentage,SRG_S14_S15,Gross household saving rate (B8G/(B6G+D8Net)*100),S14_S15,Households; non-profit institutions serving households,HR,Croatia,2015,,8.16,,,,,
dataflow,ESTAT:TEC00131(1.0),Household saving rate,A,Annual,PC,Percentage,SRG_S14_S15,Gross household saving rate (B8G/(B6G+D8Net)*100),S14_S15,Households; non-profit institutions serving households,HR,Croatia,2016,,10.64,,,,,
dataflow,ESTAT:TEC00131(1.0),Household saving rate,A,Annual,PC,Percentage,SRG_S14_S15,Gross household saving rate (B8G/(B6G+D8Net)*100),S14_S15,Households; non-profit institutions serving households,HR,Croatia,2017,,8.91,,,,,
dataflow,ESTAT:TEC00131(1.0),Household saving rate,A,Annual,PC,Percentage,SRG_S14_S15,Gross household saving rate (B8G/(B6G+D8Net)*100),S14_S15,Households; non-profit institutions serving households,HR,Croatia,2018,,9.41,,,,,
dataflow,ESTAT:TEC00131(1.0),Household saving rate,A,Annual,PC,Percentage,SRG_S14_S15,Gross household saving rate (B8G/(B6G+D8Net)*100),S14_S15,Households; non-profit institutions serving households,HR,Croatia,2019,,9.22,,,,,
dataflow,ESTAT:TEC00131(1.0),Household saving rate,A,Annual,PC,Percentage,SRG_S14_S15,Gross household saving rate (B8G/(B6G+D8Net)*100),S14_S15,Households; non-profit institutions serving households,HR,Croatia,2020,,13.29,,,,,
dataflow,ESTAT:TEC00131(1.0),Household saving rate,A,Annual,PC,Percentage,SRG_S14_S15,Gross household saving rate (B8G/(B6G+D8Net)*100),S14_S15,Households; non-profit institutions serving households,HR,Croatia,2021,,12.71,,,,,
dataflow,ESTAT:TEC00131(1.0),Household saving rate,A,Annual,PC,Percentage,SRG_S14_S15,Gross household saving rate (B8G/(B6G+D8Net)*100),S14_S15,Households; non-profit institutions serving households,HR,Croatia,2022,,8.03,,,,,
dataflow,ESTAT:TEC00131(1.0),Household saving rate,A,Annual,PC,Percentage,SRG_S14_S15,Gross household saving rate (B8G/(B6G+D8Net)*100),S14_S15,Households; non-profit institutions serving households,HR,Croatia,2023,,8.04,,,,,
dataflow,ESTAT:TEC00131(1.0),Household saving rate,A,Annual,PC,Percentage,SRG_S14_S15,Gross household saving rate (B8G/(B6G+D8Net)*100),S14_S15,Households; non-profit institutions serving households,HU,Hungary,2013,,12.77,,,,,
dataflow,ESTAT:TEC00131(1.0),Household saving rate,A,Annual,PC,Percentage,SRG_S14_S15,Gross household saving rate (B8G/(B6G+D8Net)*100),S14_S15,Households; non-profit institutions serving households,HU,Hungary,2014,,13.06,,,,,
dataflow,ESTAT:TEC00131(1.0),Household saving rate,A,Annual,PC,Percentage,SRG_S14_S15,Gross household saving rate (B8G/(B6G+D8Net)*100),S14_S15,Households; non-profit institutions serving households,HU,Hungary,2015,,12.81,,,,,
dataflow,ESTAT:TEC00131(1.0),Household saving rate,A,Annual,PC,Percentage,SRG_S14_S15,Gross household saving rate (B8G/(B6G+D8Net)*100),S14_S15,Households; non-profit institutions serving households,HU,Hungary,2016,,12.54,,,,,
dataflow,ESTAT:TEC00131(1.0),Household saving rate,A,Annual,PC,Percentage,SRG_S14_S15,Gross household saving rate (B8G/(B6G+D8Net)*100),S14_S15,Households; non-profit institutions serving households,HU,Hungary,2017,,12.93,,,,,
dataflow,ESTAT:TEC00131(1.0),Household saving rate,A,Annual,PC,Percentage,SRG_S14_S15,Gross household saving rate (B8G/(B6G+D8Net)*100),S14_S15,Households; non-profit institutions serving households,HU,Hungary,2018,,15.30,,,,,
dataflow,ESTAT:TEC00131(1.0),Household saving rate,A,Annual,PC,Percentage,SRG_S14_S15,Gross household saving rate (B8G/(B6G+D8Net)*100),S14_S15,Households; non-profit institutions serving households,HU,Hungary,2019,,16.17,,,,,
dataflow,ESTAT:TEC00131(1.0),Household saving rate,A,Annual,PC,Percentage,SRG_S14_S15,Gross household saving rate (B8G/(B6G+D8Net)*100),S14_S15,Households; non-profit institutions serving households,HU,Hungary,2020,,16.37,,,,,
dataflow,ESTAT:TEC00131(1.0),Household saving rate,A,Annual,PC,Percentage,SRG_S14_S15,Gross household saving rate (B8G/(B6G+D8Net)*100),S14_S15,Households; non-profit institutions serving households,HU,Hungary,2021,,18.22,,,,,
dataflow,ESTAT:TEC00131(1.0),Household saving rate,A,Annual,PC,Percentage,SRG_S14_S15,Gross household saving rate (B8G/(B6G+D8Net)*100),S14_S15,Households; non-profit institutions serving households,HU,Hungary,2022,,15.68,,,,,
dataflow,ESTAT:TEC00131(1.0),Household saving rate,A,Annual,PC,Percentage,SRG_S14_S15,Gross household saving rate (B8G/(B6G+D8Net)*100),S14_S15,Households; non-profit institutions serving households,HU,Hungary,2023,,20.17,,,,,
dataflow,ESTAT:TEC00131(1.0),Household saving rate,A,Annual,PC,Percentage,SRG_S14_S15,Gross household saving rate (B8G/(B6G+D8Net)*100),S14_S15,Households; non-profit institutions serving households,IE,Ireland,2013,,13.40,,,,,
dataflow,ESTAT:TEC00131(1.0),Household saving rate,A,Annual,PC,Percentage,SRG_S14_S15,Gross household saving rate (B8G/(B6G+D8Net)*100),S14_S15,Households; non-profit institutions serving households,IE,Ireland,2014,,11.51,,,,,
dataflow,ESTAT:TEC00131(1.0),Household saving rate,A,Annual,PC,Percentage,SRG_S14_S15,Gross household saving rate (B8G/(B6G+D8Net)*100),S14_S15,Households; non-profit institutions serving households,IE,Ireland,2015,,12.82,,,,,
dataflow,ESTAT:TEC00131(1.0),Household saving rate,A,Annual,PC,Percentage,SRG_S14_S15,Gross household saving rate (B8G/(B6G+D8Net)*100),S14_S15,Households; non-profit institutions serving households,IE,Ireland,2016,,12.53,,,,,
dataflow,ESTAT:TEC00131(1.0),Household saving rate,A,Annual,PC,Percentage,SRG_S14_S15,Gross household saving rate (B8G/(B6G+D8Net)*100),S14_S15,Households; non-profit institutions serving households,IE,Ireland,2017,,14.64,,,,,
dataflow,ESTAT:TEC00131(1.0),Household saving rate,A,Annual,PC,Percentage,SRG_S14_S15,Gross household saving rate (B8G/(B6G+D8Net)*100),S14_S15,Households; non-profit institutions serving households,IE,Ireland,2018,,12.53,,,,,
dataflow,ESTAT:TEC00131(1.0),Household saving rate,A,Annual,PC,Percentage,SRG_S14_S15,Gross household saving rate (B8G/(B6G+D8Net)*100),S14_S15,Households; non-profit institutions serving households,IE,Ireland,2019,,13.85,,,,,
dataflow,ESTAT:TEC00131(1.0),Household saving rate,A,Annual,PC,Percentage,SRG_S14_S15,Gross household saving rate (B8G/(B6G+D8Net)*100),S14_S15,Households; non-profit institutions serving households,IE,Ireland,2020,,25.82,,,,,
dataflow,ESTAT:TEC00131(1.0),Household saving rate,A,Annual,PC,Percentage,SRG_S14_S15,Gross household saving rate (B8G/(B6G+D8Net)*100),S14_S15,Households; non-profit institutions serving households,IE,Ireland,2021,,21.42,,,,,
dataflow,ESTAT:TEC00131(1.0),Household saving rate,A,Annual,PC,Percentage,SRG_S14_S15,Gross household saving rate (B8G/(B6G+D8Net)*100),S14_S15,Households; non-profit institutions serving households,IE,Ireland,2022,,14.58,,,,,
dataflow,ESTAT:TEC00131(1.0),Household saving rate,A,Annual,PC,Percentage,SRG_S14_S15,Gross household saving rate (B8G/(B6G+D8Net)*100),S14_S15,Households; non-profit institutions serving households,IE,Ireland,2023,,11.81,,,,,
dataflow,ESTAT:TEC00131(1.0),Household saving rate,A,Annual,PC,Percentage,SRG_S14_S15,Gross household saving rate (B8G/(B6G+D8Net)*100),S14_S15,Households; non-profit institutions serving households,IS,Iceland,2013,,-2.21,,,,,
dataflow,ESTAT:TEC00131(1.0),Household saving rate,A,Annual,PC,Percentage,SRG_S14_S15,Gross household saving rate (B8G/(B6G+D8Net)*100),S14_S15,Households; non-profit institutions serving households,IS,Iceland,2014,,0.02,,,,,
dataflow,ESTAT:TEC00131(1.0),Household saving rate,A,Annual,PC,Percentage,SRG_S14_S15,Gross household saving rate (B8G/(B6G+D8Net)*100),S14_S15,Households; non-profit institutions serving households,IS,Iceland,2015,,4.20,,,,,
dataflow,ESTAT:TEC00131(1.0),Household saving rate,A,Annual,PC,Percentage,SRG_S14_S15,Gross household saving rate (B8G/(B6G+D8Net)*100),S14_S15,Households; non-profit institutions serving households,IS,Iceland,2016,,12.75,,,,,
dataflow,ESTAT:TEC00131(1.0),Household saving rate,A,Annual,PC,Percentage,SRG_S14_S15,Gross household saving rate (B8G/(B6G+D8Net)*100),S14_S15,Households; non-profit institutions serving households,IS,Iceland,2017,,9.72,,,,,
dataflow,ESTAT:TEC00131(1.0),Household saving rate,A,Annual,PC,Percentage,SRG_S14_S15,Gross household saving rate (B8G/(B6G+D8Net)*100),S14_S15,Households; non-profit institutions serving households,IS,Iceland,2018,,6.78,,,,,
dataflow,ESTAT:TEC00131(1.0),Household saving rate,A,Annual,PC,Percentage,SRG_S14_S15,Gross household saving rate (B8G/(B6G+D8Net)*100),S14_S15,Households; non-profit institutions serving households,IS,Iceland,2019,,7.74,,,,,
dataflow,ESTAT:TEC00131(1.0),Household saving rate,A,Annual,PC,Percentage,SRG_S14_S15,Gross household saving rate (B8G/(B6G+D8Net)*100),S14_S15,Households; non-profit institutions serving households,IS,Iceland,2020,,10.78,,,,,
dataflow,ESTAT:TEC00131(1.0),Household saving rate,A,Annual,PC,Percentage,SRG_S14_S15,Gross household saving rate (B8G/(B6G+D8Net)*100),S14_S15,Households; non-profit institutions serving households,IS,Iceland,2021,,9.57,,,,,
dataflow,ESTAT:TEC00131(1.0),Household saving rate,A,Annual,PC,Percentage,SRG_S14_S15,Gross household saving rate (B8G/(B6G+D8Net)*100),S14_S15,Households; non-profit institutions serving households,IS,Iceland,2022,,6.66,,,,,
dataflow,ESTAT:TEC00131(1.0),Household saving rate,A,Annual,PC,Percentage,SRG_S14_S15,Gross household saving rate (B8G/(B6G+D8Net)*100),S14_S15,Households; non-profit institutions serving households,IS,Iceland,2023,,9.57,,,,,
dataflow,ESTAT:TEC00131(1.0),Household saving rate,A,Annual,PC,Percentage,SRG_S14_S15,Gross household saving rate (B8G/(B6G+D8Net)*100),S14_S15,Households; non-profit institutions serving households,IT,Italy,2013,,11.48,,,,,
dataflow,ESTAT:TEC00131(1.0),Household saving rate,A,Annual,PC,Percentage,SRG_S14_S15,Gross household saving rate (B8G/(B6G+D8Net)*100),S14_S15,Households; non-profit institutions serving households,IT,Italy,2014,,11.80,,,,,
dataflow,ESTAT:TEC00131(1.0),Household saving rate,A,Annual,PC,Percentage,SRG_S14_S15,Gross household saving rate (B8G/(B6G+D8Net)*100),S14_S15,Households; non-profit institutions serving households,IT,Italy,2015,,11.10,,,,,
dataflow,ESTAT:TEC00131(1.0),Household saving rate,A,Annual,PC,Percentage,SRG_S14_S15,Gross household saving rate (B8G/(B6G+D8Net)*100),S14_S15,Households; non-profit institutions serving households,IT,Italy,2016,,11.21,,,,,
dataflow,ESTAT:TEC00131(1.0),Household saving rate,A,Annual,PC,Percentage,SRG_S14_S15,Gross household saving rate (B8G/(B6G+D8Net)*100),S14_S15,Households; non-profit institutions serving households,IT,Italy,2017,,10.87,,,,,
dataflow,ESTAT:TEC00131(1.0),Household saving rate,A,Annual,PC,Percentage,SRG_S14_S15,Gross household saving rate (B8G/(B6G+D8Net)*100),S14_S15,Households; non-profit institutions serving households,IT,Italy,2018,,10.63,,,,,
dataflow,ESTAT:TEC00131(1.0),Household saving rate,A,Annual,PC,Percentage,SRG_S14_S15,Gross household saving rate (B8G/(B6G+D8Net)*100),S14_S15,Households; non-profit institutions serving households,IT,Italy,2019,,10.42,,,,,
dataflow,ESTAT:TEC00131(1.0),Household saving rate,A,Annual,PC,Percentage,SRG_S14_S15,Gross household saving rate (B8G/(B6G+D8Net)*100),S14_S15,Households; non-profit institutions serving households,IT,Italy,2020,,17.78,,,,,
dataflow,ESTAT:TEC00131(1.0),Household saving rate,A,Annual,PC,Percentage,SRG_S14_S15,Gross household saving rate (B8G/(B6G+D8Net)*100),S14_S15,Households; non-profit institutions serving households,IT,Italy,2021,,15.79,,,,,
dataflow,ESTAT:TEC00131(1.0),Household saving rate,A,Annual,PC,Percentage,SRG_S14_S15,Gross household saving rate (B8G/(B6G+D8Net)*100),S14_S15,Households; non-profit institutions serving households,IT,Italy,2022,,11.39,,,,,
dataflow,ESTAT:TEC00131(1.0),Household saving rate,A,Annual,PC,Percentage,SRG_S14_S15,Gross household saving rate (B8G/(B6G+D8Net)*100),S14_S15,Households; non-profit institutions serving households,IT,Italy,2023,,11.32,,,,,
dataflow,ESTAT:TEC00131(1.0),Household saving rate,A,Annual,PC,Percentage,SRG_S14_S15,Gross household saving rate (B8G/(B6G+D8Net)*100),S14_S15,Households; non-profit institutions serving households,LT,Lithuania,2013,,-0.52,,,,,
dataflow,ESTAT:TEC00131(1.0),Household saving rate,A,Annual,PC,Percentage,SRG_S14_S15,Gross household saving rate (B8G/(B6G+D8Net)*100),S14_S15,Households; non-profit institutions serving households,LT,Lithuania,2014,,-1.69,,,,,
dataflow,ESTAT:TEC00131(1.0),Household saving rate,A,Annual,PC,Percentage,SRG_S14_S15,Gross household saving rate (B8G/(B6G+D8Net)*100),S14_S15,Households; non-profit institutions serving households,LT,Lithuania,2015,,-0.99,,,,,
dataflow,ESTAT:TEC00131(1.0),Household saving rate,A,Annual,PC,Percentage,SRG_S14_S15,Gross household saving rate (B8G/(B6G+D8Net)*100),S14_S15,Households; non-profit institutions serving households,LT,Lithuania,2016,,1.89,,,,,
dataflow,ESTAT:TEC00131(1.0),Household saving rate,A,Annual,PC,Percentage,SRG_S14_S15,Gross household saving rate (B8G/(B6G+D8Net)*100),S14_S15,Households; non-profit institutions serving households,LT,Lithuania,2017,,-3.97,,,,,
dataflow,ESTAT:TEC00131(1.0),Household saving rate,A,Annual,PC,Percentage,SRG_S14_S15,Gross household saving rate (B8G/(B6G+D8Net)*100),S14_S15,Households; non-profit institutions serving households,LT,Lithuania,2018,,-2.65,,,,,
dataflow,ESTAT:TEC00131(1.0),Household saving rate,A,Annual,PC,Percentage,SRG_S14_S15,Gross household saving rate (B8G/(B6G+D8Net)*100),S14_S15,Households; non-profit institutions serving households,LT,Lithuania,2019,,1.73,,,,,
dataflow,ESTAT:TEC00131(1.0),Household saving rate,A,Annual,PC,Percentage,SRG_S14_S15,Gross household saving rate (B8G/(B6G+D8Net)*100),S14_S15,Households; non-profit institutions serving households,LT,Lithuania,2020,,11.69,,,,,
dataflow,ESTAT:TEC00131(1.0),Household saving rate,A,Annual,PC,Percentage,SRG_S14_S15,Gross household saving rate (B8G/(B6G+D8Net)*100),S14_S15,Households; non-profit institutions serving households,LT,Lithuania,2021,,10.22,,,,,
dataflow,ESTAT:TEC00131(1.0),Household saving rate,A,Annual,PC,Percentage,SRG_S14_S15,Gross household saving rate (B8G/(B6G+D8Net)*100),S14_S15,Households; non-profit institutions serving households,LT,Lithuania,2022,,4.81,,,,,
dataflow,ESTAT:TEC00131(1.0),Household saving rate,A,Annual,PC,Percentage,SRG_S14_S15,Gross household saving rate (B8G/(B6G+D8Net)*100),S14_S15,Households; non-profit institutions serving households,LT,Lithuania,2023,,5.66,,,,,
dataflow,ESTAT:TEC00131(1.0),Household saving rate,A,Annual,PC,Percentage,SRG_S14_S15,Gross household saving rate (B8G/(B6G+D8Net)*100),S14_S15,Households; non-profit institutions serving households,LU,Luxembourg,2013,,15.52,,,,,
dataflow,ESTAT:TEC00131(1.0),Household saving rate,A,Annual,PC,Percentage,SRG_S14_S15,Gross household saving rate (B8G/(B6G+D8Net)*100),S14_S15,Households; non-profit institutions serving households,LU,Luxembourg,2014,,15.43,,,,,
dataflow,ESTAT:TEC00131(1.0),Household saving rate,A,Annual,PC,Percentage,SRG_S14_S15,Gross household saving rate (B8G/(B6G+D8Net)*100),S14_S15,Households; non-profit institutions serving households,LU,Luxembourg,2015,,13.37,,,,,
dataflow,ESTAT:TEC00131(1.0),Household saving rate,A,Annual,PC,Percentage,SRG_S14_S15,Gross household saving rate (B8G/(B6G+D8Net)*100),S14_S15,Households; non-profit institutions serving households,LU,Luxembourg,2016,,12.11,,,,,
dataflow,ESTAT:TEC00131(1.0),Household saving rate,A,Annual,PC,Percentage,SRG_S14_S15,Gross household saving rate (B8G/(B6G+D8Net)*100),S14_S15,Households; non-profit institutions serving households,LU,Luxembourg,2017,,13.30,,,,,
dataflow,ESTAT:TEC00131(1.0),Household saving rate,A,Annual,PC,Percentage,SRG_S14_S15,Gross household saving rate (B8G/(B6G+D8Net)*100),S14_S15,Households; non-profit institutions serving households,LU,Luxembourg,2018,,12.41,,,,,
dataflow,ESTAT:TEC00131(1.0),Household saving rate,A,Annual,PC,Percentage,SRG_S14_S15,Gross household saving rate (B8G/(B6G+D8Net)*100),S14_S15,Households; non-profit institutions serving households,LU,Luxembourg,2019,,14.69,,b,break in time series,,
dataflow,ESTAT:TEC00131(1.0),Household saving rate,A,Annual,PC,Percentage,SRG_S14_S15,Gross household saving rate (B8G/(B6G+D8Net)*100),S14_S15,Households; non-profit institutions serving households,LU,Luxembourg,2020,,25.85,,,,,
dataflow,ESTAT:TEC00131(1.0),Household saving rate,A,Annual,PC,Percentage,SRG_S14_S15,Gross household saving rate (B8G/(B6G+D8Net)*100),S14_S15,Households; non-profit institutions serving households,LU,Luxembourg,2021,,17.98,,,,,
dataflow,ESTAT:TEC00131(1.0),Household saving rate,A,Annual,PC,Percentage,SRG_S14_S15,Gross household saving rate (B8G/(B6G+D8Net)*100),S14_S15,Households; non-profit institutions serving households,LU,Luxembourg,2022,,13.39,,,,,
dataflow,ESTAT:TEC00131(1.0),Household saving rate,A,Annual,PC,Percentage,SRG_S14_S15,Gross household saving rate (B8G/(B6G+D8Net)*100),S14_S15,Households; non-profit institutions serving households,LU,Luxembourg,2023,,12.96,,,,,
dataflow,ESTAT:TEC00131(1.0),Household saving rate,A,Annual,PC,Percentage,SRG_S14_S15,Gross household saving rate (B8G/(B6G+D8Net)*100),S14_S15,Households; non-profit institutions serving households,LV,Latvia,2013,,-3.30,,,,,
dataflow,ESTAT:TEC00131(1.0),Household saving rate,A,Annual,PC,Percentage,SRG_S14_S15,Gross household saving rate (B8G/(B6G+D8Net)*100),S14_S15,Households; non-profit institutions serving households,LV,Latvia,2014,,0.53,,,,,
dataflow,ESTAT:TEC00131(1.0),Household saving rate,A,Annual,PC,Percentage,SRG_S14_S15,Gross household saving rate (B8G/(B6G+D8Net)*100),S14_S15,Households; non-profit institutions serving households,LV,Latvia,2015,,3.53,,,,,
dataflow,ESTAT:TEC00131(1.0),Household saving rate,A,Annual,PC,Percentage,SRG_S14_S15,Gross household saving rate (B8G/(B6G+D8Net)*100),S14_S15,Households; non-profit institutions serving households,LV,Latvia,2016,,4.61,,,,,
dataflow,ESTAT:TEC00131(1.0),Household saving rate,A,Annual,PC,Percentage,SRG_S14_S15,Gross household saving rate (B8G/(B6G+D8Net)*100),S14_S15,Households; non-profit institutions serving households,LV,Latvia,2017,,5.64,,,,,
dataflow,ESTAT:TEC00131(1.0),Household saving rate,A,Annual,PC,Percentage,SRG_S14_S15,Gross household saving rate (B8G/(B6G+D8Net)*100),S14_S15,Households; non-profit institutions serving households,LV,Latvia,2018,,6.78,,,,,
dataflow,ESTAT:TEC00131(1.0),Household saving rate,A,Annual,PC,Percentage,SRG_S14_S15,Gross household saving rate (B8G/(B6G+D8Net)*100),S14_S15,Households; non-profit institutions serving households,LV,Latvia,2019,,8.63,,,,,
dataflow,ESTAT:TEC00131(1.0),Household saving rate,A,Annual,PC,Percentage,SRG_S14_S15,Gross household saving rate (B8G/(B6G+D8Net)*100),S14_S15,Households; non-profit institutions serving households,LV,Latvia,2020,,14.08,,,,,
dataflow,ESTAT:TEC00131(1.0),Household saving rate,A,Annual,PC,Percentage,SRG_S14_S15,Gross household saving rate (B8G/(B6G+D8Net)*100),S14_S15,Households; non-profit institutions serving households,LV,Latvia,2021,,10.44,,,,,
dataflow,ESTAT:TEC00131(1.0),Household saving rate,A,Annual,PC,Percentage,SRG_S14_S15,Gross household saving rate (B8G/(B6G+D8Net)*100),S14_S15,Households; non-profit institutions serving households,LV,Latvia,2022,,3.84,,,,,
dataflow,ESTAT:TEC00131(1.0),Household saving rate,A,Annual,PC,Percentage,SRG_S14_S15,Gross household saving rate (B8G/(B6G+D8Net)*100),S14_S15,Households; non-profit institutions serving households,LV,Latvia,2023,,1.75,,,,,
dataflow,ESTAT:TEC00131(1.0),Household saving rate,A,Annual,PC,Percentage,SRG_S14_S15,Gross household saving rate (B8G/(B6G+D8Net)*100),S14_S15,Households; non-profit institutions serving households,MT,Malta,2013,,3.85,,,,,
dataflow,ESTAT:TEC00131(1.0),Household saving rate,A,Annual,PC,Percentage,SRG_S14_S15,Gross household saving rate (B8G/(B6G+D8Net)*100),S14_S15,Households; non-profit institutions serving households,MT,Malta,2014,,4.25,,,,,
dataflow,ESTAT:TEC00131(1.0),Household saving rate,A,Annual,PC,Percentage,SRG_S14_S15,Gross household saving rate (B8G/(B6G+D8Net)*100),S14_S15,Households; non-profit institutions serving households,MT,Malta,2015,,8.03,,,,,
dataflow,ESTAT:TEC00131(1.0),Household saving rate,A,Annual,PC,Percentage,SRG_S14_S15,Gross household saving rate (B8G/(B6G+D8Net)*100),S14_S15,Households; non-profit institutions serving households,MT,Malta,2016,,11.14,,,,,
dataflow,ESTAT:TEC00131(1.0),Household saving rate,A,Annual,PC,Percentage,SRG_S14_S15,Gross household saving rate (B8G/(B6G+D8Net)*100),S14_S15,Households; non-profit institutions serving households,MT,Malta,2017,,12.02,,,,,
dataflow,ESTAT:TEC00131(1.0),Household saving rate,A,Annual,PC,Percentage,SRG_S14_S15,Gross household saving rate (B8G/(B6G+D8Net)*100),S14_S15,Households; non-profit institutions serving households,MT,Malta,2018,,11.06,,,,,
dataflow,ESTAT:TEC00131(1.0),Household saving rate,A,Annual,PC,Percentage,SRG_S14_S15,Gross household saving rate (B8G/(B6G+D8Net)*100),S14_S15,Households; non-profit institutions serving households,MT,Malta,2019,,12.99,,,,,
dataflow,ESTAT:TEC00131(1.0),Household saving rate,A,Annual,PC,Percentage,SRG_S14_S15,Gross household saving rate (B8G/(B6G+D8Net)*100),S14_S15,Households; non-profit institutions serving households,MT,Malta,2020,,24.19,,,,,
dataflow,ESTAT:TEC00131(1.0),Household saving rate,A,Annual,PC,Percentage,SRG_S14_S15,Gross household saving rate (B8G/(B6G+D8Net)*100),S14_S15,Households; non-profit institutions serving households,MT,Malta,2021,,22.77,,p,provisional,,
dataflow,ESTAT:TEC00131(1.0),Household saving rate,A,Annual,PC,Percentage,SRG_S14_S15,Gross household saving rate (B8G/(B6G+D8Net)*100),S14_S15,Households; non-profit institutions serving households,MT,Malta,2022,,19.14,,p,provisional,,
dataflow,ESTAT:TEC00131(1.0),Household saving rate,A,Annual,PC,Percentage,SRG_S14_S15,Gross household saving rate (B8G/(B6G+D8Net)*100),S14_S15,Households; non-profit institutions serving households,MT,Malta,2023,,14.71,,p,provisional,,
dataflow,ESTAT:TEC00131(1.0),Household saving rate,A,Annual,PC,Percentage,SRG_S14_S15,Gross household saving rate (B8G/(B6G+D8Net)*100),S14_S15,Households; non-profit institutions serving households,NL,Netherlands,2013,,13.74,,,,,
dataflow,ESTAT:TEC00131(1.0),Household saving rate,A,Annual,PC,Percentage,SRG_S14_S15,Gross household saving rate (B8G/(B6G+D8Net)*100),S14_S15,Households; non-profit institutions serving households,NL,Netherlands,2014,,14.35,,,,,
dataflow,ESTAT:TEC00131(1.0),Household saving rate,A,Annual,PC,Percentage,SRG_S14_S15,Gross household saving rate (B8G/(B6G+D8Net)*100),S14_S15,Households; non-profit institutions serving households,NL,Netherlands,2015,,13.98,,,,,
dataflow,ESTAT:TEC00131(1.0),Household saving rate,A,Annual,PC,Percentage,SRG_S14_S15,Gross household saving rate (B8G/(B6G+D8Net)*100),S14_S15,Households; non-profit institutions serving households,NL,Netherlands,2016,,15.10,,,,,
dataflow,ESTAT:TEC00131(1.0),Household saving rate,A,Annual,PC,Percentage,SRG_S14_S15,Gross household saving rate (B8G/(B6G+D8Net)*100),S14_S15,Households; non-profit institutions serving households,NL,Netherlands,2017,,12.92,,,,,
dataflow,ESTAT:TEC00131(1.0),Household saving rate,A,Annual,PC,Percentage,SRG_S14_S15,Gross household saving rate (B8G/(B6G+D8Net)*100),S14_S15,Households; non-profit institutions serving households,NL,Netherlands,2018,,13.58,,,,,
dataflow,ESTAT:TEC00131(1.0),Household saving rate,A,Annual,PC,Percentage,SRG_S14_S15,Gross household saving rate (B8G/(B6G+D8Net)*100),S14_S15,Households; non-profit institutions serving households,NL,Netherlands,2019,,15.84,,,,,
dataflow,ESTAT:TEC00131(1.0),Household saving rate,A,Annual,PC,Percentage,SRG_S14_S15,Gross household saving rate (B8G/(B6G+D8Net)*100),S14_S15,Households; non-profit institutions serving households,NL,Netherlands,2020,,21.98,,,,,
dataflow,ESTAT:TEC00131(1.0),Household saving rate,A,Annual,PC,Percentage,SRG_S14_S15,Gross household saving rate (B8G/(B6G+D8Net)*100),S14_S15,Households; non-profit institutions serving households,NL,Netherlands,2021,,19.02,,,,,
dataflow,ESTAT:TEC00131(1.0),Household saving rate,A,Annual,PC,Percentage,SRG_S14_S15,Gross household saving rate (B8G/(B6G+D8Net)*100),S14_S15,Households; non-profit institutions serving households,NL,Netherlands,2022,,14.43,,,,,
dataflow,ESTAT:TEC00131(1.0),Household saving rate,A,Annual,PC,Percentage,SRG_S14_S15,Gross household saving rate (B8G/(B6G+D8Net)*100),S14_S15,Households; non-profit institutions serving households,NL,Netherlands,2023,,14.77,,,,,
dataflow,ESTAT:TEC00131(1.0),Household saving rate,A,Annual,PC,Percentage,SRG_S14_S15,Gross household saving rate (B8G/(B6G+D8Net)*100),S14_S15,Households; non-profit institutions serving households,NO,Norway,2013,,12.86,,,,,
dataflow,ESTAT:TEC00131(1.0),Household saving rate,A,Annual,PC,Percentage,SRG_S14_S15,Gross household saving rate (B8G/(B6G+D8Net)*100),S14_S15,Households; non-profit institutions serving households,NO,Norway,2014,,13.55,,,,,
dataflow,ESTAT:TEC00131(1.0),Household saving rate,A,Annual,PC,Percentage,SRG_S14_S15,Gross household saving rate (B8G/(B6G+D8Net)*100),S14_S15,Households; non-profit institutions serving households,NO,Norway,2015,,15.24,,,,,
dataflow,ESTAT:TEC00131(1.0),Household saving rate,A,Annual,PC,Percentage,SRG_S14_S15,Gross household saving rate (B8G/(B6G+D8Net)*100),S14_S15,Households; non-profit institutions serving households,NO,Norway,2016,,12.79,,,,,
dataflow,ESTAT:TEC00131(1.0),Household saving rate,A,Annual,PC,Percentage,SRG_S14_S15,Gross household saving rate (B8G/(B6G+D8Net)*100),S14_S15,Households; non-profit institutions serving households,NO,Norway,2017,,12.58,,,,,
dataflow,ESTAT:TEC00131(1.0),Household saving rate,A,Annual,PC,Percentage,SRG_S14_S15,Gross household saving rate (B8G/(B6G+D8Net)*100),S14_S15,Households; non-profit institutions serving households,NO,Norway,2018,,12.16,,,,,
dataflow,ESTAT:TEC00131(1.0),Household saving rate,A,Annual,PC,Percentage,SRG_S14_S15,Gross household saving rate (B8G/(B6G+D8Net)*100),S14_S15,Households; non-profit institutions serving households,NO,Norway,2019,,13.29,,,,,
dataflow,ESTAT:TEC00131(1.0),Household saving rate,A,Annual,PC,Percentage,SRG_S14_S15,Gross household saving rate (B8G/(B6G+D8Net)*100),S14_S15,Households; non-profit institutions serving households,NO,Norway,2020,,18.93,,,,,
dataflow,ESTAT:TEC00131(1.0),Household saving rate,A,Annual,PC,Percentage,SRG_S14_S15,Gross household saving rate (B8G/(B6G+D8Net)*100),S14_S15,Households; non-profit institutions serving households,NO,Norway,2021,,18.89,,,,,
dataflow,ESTAT:TEC00131(1.0),Household saving rate,A,Annual,PC,Percentage,SRG_S14_S15,Gross household saving rate (B8G/(B6G+D8Net)*100),S14_S15,Households; non-profit institutions serving households,NO,Norway,2022,,11.41,,,,,
dataflow,ESTAT:TEC00131(1.0),Household saving rate,A,Annual,PC,Percentage,SRG_S14_S15,Gross household saving rate (B8G/(B6G+D8Net)*100),S14_S15,Households; non-profit institutions serving households,PL,Poland,2013,,5.85,,,,,
dataflow,ESTAT:TEC00131(1.0),Household saving rate,A,Annual,PC,Percentage,SRG_S14_S15,Gross household saving rate (B8G/(B6G+D8Net)*100),S14_S15,Households; non-profit institutions serving households,PL,Poland,2014,,7.77,,,,,
dataflow,ESTAT:TEC00131(1.0),Household saving rate,A,Annual,PC,Percentage,SRG_S14_S15,Gross household saving rate (B8G/(B6G+D8Net)*100),S14_S15,Households; non-profit institutions serving households,PL,Poland,2015,,6.49,,,,,
dataflow,ESTAT:TEC00131(1.0),Household saving rate,A,Annual,PC,Percentage,SRG_S14_S15,Gross household saving rate (B8G/(B6G+D8Net)*100),S14_S15,Households; non-profit institutions serving households,PL,Poland,2016,,8.05,,,,,
dataflow,ESTAT:TEC00131(1.0),Household saving rate,A,Annual,PC,Percentage,SRG_S14_S15,Gross household saving rate (B8G/(B6G+D8Net)*100),S14_S15,Households; non-profit institutions serving households,PL,Poland,2017,,5.49,,,,,
dataflow,ESTAT:TEC00131(1.0),Household saving rate,A,Annual,PC,Percentage,SRG_S14_S15,Gross household saving rate (B8G/(B6G+D8Net)*100),S14_S15,Households; non-profit institutions serving households,PL,Poland,2018,,4.98,,,,,
dataflow,ESTAT:TEC00131(1.0),Household saving rate,A,Annual,PC,Percentage,SRG_S14_S15,Gross household saving rate (B8G/(B6G+D8Net)*100),S14_S15,Households; non-profit institutions serving households,PL,Poland,2019,,6.18,,,,,
dataflow,ESTAT:TEC00131(1.0),Household saving rate,A,Annual,PC,Percentage,SRG_S14_S15,Gross household saving rate (B8G/(B6G+D8Net)*100),S14_S15,Households; non-profit institutions serving households,PL,Poland,2020,,12.79,,,,,
dataflow,ESTAT:TEC00131(1.0),Household saving rate,A,Annual,PC,Percentage,SRG_S14_S15,Gross household saving rate (B8G/(B6G+D8Net)*100),S14_S15,Households; non-profit institutions serving households,PL,Poland,2021,,5.10,,,,,
dataflow,ESTAT:TEC00131(1.0),Household saving rate,A,Annual,PC,Percentage,SRG_S14_S15,Gross household saving rate (B8G/(B6G+D8Net)*100),S14_S15,Households; non-profit institutions serving households,PL,Poland,2022,,1.02,,,,,
dataflow,ESTAT:TEC00131(1.0),Household saving rate,A,Annual,PC,Percentage,SRG_S14_S15,Gross household saving rate (B8G/(B6G+D8Net)*100),S14_S15,Households; non-profit institutions serving households,PL,Poland,2023,,4.72,,,,,
dataflow,ESTAT:TEC00131(1.0),Household saving rate,A,Annual,PC,Percentage,SRG_S14_S15,Gross household saving rate (B8G/(B6G+D8Net)*100),S14_S15,Households; non-profit institutions serving households,PT,Portugal,2013,,9.04,,,,,
dataflow,ESTAT:TEC00131(1.0),Household saving rate,A,Annual,PC,Percentage,SRG_S14_S15,Gross household saving rate (B8G/(B6G+D8Net)*100),S14_S15,Households; non-profit institutions serving households,PT,Portugal,2014,,6.58,,,,,
dataflow,ESTAT:TEC00131(1.0),Household saving rate,A,Annual,PC,Percentage,SRG_S14_S15,Gross household saving rate (B8G/(B6G+D8Net)*100),S14_S15,Households; non-profit institutions serving households,PT,Portugal,2015,,7.47,,,,,
dataflow,ESTAT:TEC00131(1.0),Household saving rate,A,Annual,PC,Percentage,SRG_S14_S15,Gross household saving rate (B8G/(B6G+D8Net)*100),S14_S15,Households; non-profit institutions serving households,PT,Portugal,2016,,7.30,,,,,
dataflow,ESTAT:TEC00131(1.0),Household saving rate,A,Annual,PC,Percentage,SRG_S14_S15,Gross household saving rate (B8G/(B6G+D8Net)*100),S14_S15,Households; non-profit institutions serving households,PT,Portugal,2017,,6.54,,,,,
dataflow,ESTAT:TEC00131(1.0),Household saving rate,A,Annual,PC,Percentage,SRG_S14_S15,Gross household saving rate (B8G/(B6G+D8Net)*100),S14_S15,Households; non-profit institutions serving households,PT,Portugal,2018,,6.94,,,,,
dataflow,ESTAT:TEC00131(1.0),Household saving rate,A,Annual,PC,Percentage,SRG_S14_S15,Gross household saving rate (B8G/(B6G+D8Net)*100),S14_S15,Households; non-profit institutions serving households,PT,Portugal,2019,,7.00,,,,,
dataflow,ESTAT:TEC00131(1.0),Household saving rate,A,Annual,PC,Percentage,SRG_S14_S15,Gross household saving rate (B8G/(B6G+D8Net)*100),S14_S15,Households; non-profit institutions serving households,PT,Portugal,2020,,12.05,,,,,
dataflow,ESTAT:TEC00131(1.0),Household saving rate,A,Annual,PC,Percentage,SRG_S14_S15,Gross household saving rate (B8G/(B6G+D8Net)*100),S14_S15,Households; non-profit institutions serving households,PT,Portugal,2021,,10.95,,,,,
dataflow,ESTAT:TEC00131(1.0),Household saving rate,A,Annual,PC,Percentage,SRG_S14_S15,Gross household saving rate (B8G/(B6G+D8Net)*100),S14_S15,Households; non-profit institutions serving households,PT,Portugal,2022,,7.33,,,,,
dataflow,ESTAT:TEC00131(1.0),Household saving rate,A,Annual,PC,Percentage,SRG_S14_S15,Gross household saving rate (B8G/(B6G+D8Net)*100),S14_S15,Households; non-profit institutions serving households,PT,Portugal,2023,,8.92,,,,,
dataflow,ESTAT:TEC00131(1.0),Household saving rate,A,Annual,PC,Percentage,SRG_S14_S15,Gross household saving rate (B8G/(B6G+D8Net)*100),S14_S15,Households; non-profit institutions serving households,RO,Romania,2013,,-6.34,,,,,
dataflow,ESTAT:TEC00131(1.0),Household saving rate,A,Annual,PC,Percentage,SRG_S14_S15,Gross household saving rate (B8G/(B6G+D8Net)*100),S14_S15,Households; non-profit institutions serving households,RO,Romania,2014,,-8.99,,,,,
dataflow,ESTAT:TEC00131(1.0),Household saving rate,A,Annual,PC,Percentage,SRG_S14_S15,Gross household saving rate (B8G/(B6G+D8Net)*100),S14_S15,Households; non-profit institutions serving households,RO,Romania,2015,,-9.00,,,,,
dataflow,ESTAT:TEC00131(1.0),Household saving rate,A,Annual,PC,Percentage,SRG_S14_S15,Gross household saving rate (B8G/(B6G+D8Net)*100),S14_S15,Households; non-profit institutions serving households,RO,Romania,2016,,-6.20,,,,,
dataflow,ESTAT:TEC00131(1.0),Household saving rate,A,Annual,PC,Percentage,SRG_S14_S15,Gross household saving rate (B8G/(B6G+D8Net)*100),S14_S15,Households; non-profit institutions serving households,RO,Romania,2017,,-5.99,,,,,
dataflow,ESTAT:TEC00131(1.0),Household saving rate,A,Annual,PC,Percentage,SRG_S14_S15,Gross household saving rate (B8G/(B6G+D8Net)*100),S14_S15,Households; non-profit institutions serving households,RO,Romania,2018,,-12.68,,,,,
dataflow,ESTAT:TEC00131(1.0),Household saving rate,A,Annual,PC,Percentage,SRG_S14_S15,Gross household saving rate (B8G/(B6G+D8Net)*100),S14_S15,Households; non-profit institutions serving households,RO,Romania,2019,,-3.20,,,,,
dataflow,ESTAT:TEC00131(1.0),Household saving rate,A,Annual,PC,Percentage,SRG_S14_S15,Gross household saving rate (B8G/(B6G+D8Net)*100),S14_S15,Households; non-profit institutions serving households,RO,Romania,2020,,1.48,,,,,
dataflow,ESTAT:TEC00131(1.0),Household saving rate,A,Annual,PC,Percentage,SRG_S14_S15,Gross household saving rate (B8G/(B6G+D8Net)*100),S14_S15,Households; non-profit institutions serving households,RO,Romania,2021,,-1.82,,,,,
dataflow,ESTAT:TEC00131(1.0),Household saving rate,A,Annual,PC,Percentage,SRG_S14_S15,Gross household saving rate (B8G/(B6G+D8Net)*100),S14_S15,Households; non-profit institutions serving households,RO,Romania,2022,,-7.64,,,,,
dataflow,ESTAT:TEC00131(1.0),Household saving rate,A,Annual,PC,Percentage,SRG_S14_S15,Gross household saving rate (B8G/(B6G+D8Net)*100),S14_S15,Households; non-profit institutions serving households,RO,Romania,2023,,-2.91,,,,,
dataflow,ESTAT:TEC00131(1.0),Household saving rate,A,Annual,PC,Percentage,SRG_S14_S15,Gross household saving rate (B8G/(B6G+D8Net)*100),S14_S15,Households; non-profit institutions serving households,RS,Serbia,2013,,1.12,,,,,
dataflow,ESTAT:TEC00131(1.0),Household saving rate,A,Annual,PC,Percentage,SRG_S14_S15,Gross household saving rate (B8G/(B6G+D8Net)*100),S14_S15,Households; non-profit institutions serving households,RS,Serbia,2014,,0.66,,,,,
dataflow,ESTAT:TEC00131(1.0),Household saving rate,A,Annual,PC,Percentage,SRG_S14_S15,Gross household saving rate (B8G/(B6G+D8Net)*100),S14_S15,Households; non-profit institutions serving households,RS,Serbia,2015,,1.37,,,,,
dataflow,ESTAT:TEC00131(1.0),Household saving rate,A,Annual,PC,Percentage,SRG_S14_S15,Gross household saving rate (B8G/(B6G+D8Net)*100),S14_S15,Households; non-profit institutions serving households,RS,Serbia,2016,,-0.88,,,,,
dataflow,ESTAT:TEC00131(1.0),Household saving rate,A,Annual,PC,Percentage,SRG_S14_S15,Gross household saving rate (B8G/(B6G+D8Net)*100),S14_S15,Households; non-profit institutions serving households,RS,Serbia,2017,,-3.93,,,,,
dataflow,ESTAT:TEC00131(1.0),Household saving rate,A,Annual,PC,Percentage,SRG_S14_S15,Gross household saving rate (B8G/(B6G+D8Net)*100),S14_S15,Households; non-profit institutions serving households,RS,Serbia,2018,,2.53,,,,,
dataflow,ESTAT:TEC00131(1.0),Household saving rate,A,Annual,PC,Percentage,SRG_S14_S15,Gross household saving rate (B8G/(B6G+D8Net)*100),S14_S15,Households; non-profit institutions serving households,RS,Serbia,2019,,2.43,,,,,
dataflow,ESTAT:TEC00131(1.0),Household saving rate,A,Annual,PC,Percentage,SRG_S14_S15,Gross household saving rate (B8G/(B6G+D8Net)*100),S14_S15,Households; non-profit institutions serving households,RS,Serbia,2020,,9.31,,,,,
dataflow,ESTAT:TEC00131(1.0),Household saving rate,A,Annual,PC,Percentage,SRG_S14_S15,Gross household saving rate (B8G/(B6G+D8Net)*100),S14_S15,Households; non-profit institutions serving households,RS,Serbia,2021,,9.25,,,,,
dataflow,ESTAT:TEC00131(1.0),Household saving rate,A,Annual,PC,Percentage,SRG_S14_S15,Gross household saving rate (B8G/(B6G+D8Net)*100),S14_S15,Households; non-profit institutions serving households,RS,Serbia,2022,,5.89,,p,provisional,,
dataflow,ESTAT:TEC00131(1.0),Household saving rate,A,Annual,PC,Percentage,SRG_S14_S15,Gross household saving rate (B8G/(B6G+D8Net)*100),S14_S15,Households; non-profit institutions serving households,RS,Serbia,2023,,4.43,,p,provisional,,
dataflow,ESTAT:TEC00131(1.0),Household saving rate,A,Annual,PC,Percentage,SRG_S14_S15,Gross household saving rate (B8G/(B6G+D8Net)*100),S14_S15,Households; non-profit institutions serving households,SE,Sweden,2013,,15.41,,,,,
dataflow,ESTAT:TEC00131(1.0),Household saving rate,A,Annual,PC,Percentage,SRG_S14_S15,Gross household saving rate (B8G/(B6G+D8Net)*100),S14_S15,Households; non-profit institutions serving households,SE,Sweden,2014,,15.89,,,,,
dataflow,ESTAT:TEC00131(1.0),Household saving rate,A,Annual,PC,Percentage,SRG_S14_S15,Gross household saving rate (B8G/(B6G+D8Net)*100),S14_S15,Households; non-profit institutions serving households,SE,Sweden,2015,,13.67,,,,,
dataflow,ESTAT:TEC00131(1.0),Household saving rate,A,Annual,PC,Percentage,SRG_S14_S15,Gross household saving rate (B8G/(B6G+D8Net)*100),S14_S15,Households; non-profit institutions serving households,SE,Sweden,2016,,14.94,,,,,
dataflow,ESTAT:TEC00131(1.0),Household saving rate,A,Annual,PC,Percentage,SRG_S14_S15,Gross household saving rate (B8G/(B6G+D8Net)*100),S14_S15,Households; non-profit institutions serving households,SE,Sweden,2017,,14.08,,,,,
dataflow,ESTAT:TEC00131(1.0),Household saving rate,A,Annual,PC,Percentage,SRG_S14_S15,Gross household saving rate (B8G/(B6G+D8Net)*100),S14_S15,Households; non-profit institutions serving households,SE,Sweden,2018,,15.17,,,,,
dataflow,ESTAT:TEC00131(1.0),Household saving rate,A,Annual,PC,Percentage,SRG_S14_S15,Gross household saving rate (B8G/(B6G+D8Net)*100),S14_S15,Households; non-profit institutions serving households,SE,Sweden,2019,,17.02,,,,,
dataflow,ESTAT:TEC00131(1.0),Household saving rate,A,Annual,PC,Percentage,SRG_S14_S15,Gross household saving rate (B8G/(B6G+D8Net)*100),S14_S15,Households; non-profit institutions serving households,SE,Sweden,2020,,17.68,,,,,
dataflow,ESTAT:TEC00131(1.0),Household saving rate,A,Annual,PC,Percentage,SRG_S14_S15,Gross household saving rate (B8G/(B6G+D8Net)*100),S14_S15,Households; non-profit institutions serving households,SE,Sweden,2021,,17.64,,,,,
dataflow,ESTAT:TEC00131(1.0),Household saving rate,A,Annual,PC,Percentage,SRG_S14_S15,Gross household saving rate (B8G/(B6G+D8Net)*100),S14_S15,Households; non-profit institutions serving households,SE,Sweden,2022,,15.77,,,,,
dataflow,ESTAT:TEC00131(1.0),Household saving rate,A,Annual,PC,Percentage,SRG_S14_S15,Gross household saving rate (B8G/(B6G+D8Net)*100),S14_S15,Households; non-profit institutions serving households,SE,Sweden,2023,,16.99,,,,,
dataflow,ESTAT:TEC00131(1.0),Household saving rate,A,Annual,PC,Percentage,SRG_S14_S15,Gross household saving rate (B8G/(B6G+D8Net)*100),S14_S15,Households; non-profit institutions serving households,SI,Slovenia,2013,,11.19,,,,,
dataflow,ESTAT:TEC00131(1.0),Household saving rate,A,Annual,PC,Percentage,SRG_S14_S15,Gross household saving rate (B8G/(B6G+D8Net)*100),S14_S15,Households; non-profit institutions serving households,SI,Slovenia,2014,,11.40,,,,,
dataflow,ESTAT:TEC00131(1.0),Household saving rate,A,Annual,PC,Percentage,SRG_S14_S15,Gross household saving rate (B8G/(B6G+D8Net)*100),S14_S15,Households; non-profit institutions serving households,SI,Slovenia,2015,,11.76,,,,,
dataflow,ESTAT:TEC00131(1.0),Household saving rate,A,Annual,PC,Percentage,SRG_S14_S15,Gross household saving rate (B8G/(B6G+D8Net)*100),S14_S15,Households; non-profit institutions serving households,SI,Slovenia,2016,,12.10,,,,,
dataflow,ESTAT:TEC00131(1.0),Household saving rate,A,Annual,PC,Percentage,SRG_S14_S15,Gross household saving rate (B8G/(B6G+D8Net)*100),S14_S15,Households; non-profit institutions serving households,SI,Slovenia,2017,,12.98,,,,,
dataflow,ESTAT:TEC00131(1.0),Household saving rate,A,Annual,PC,Percentage,SRG_S14_S15,Gross household saving rate (B8G/(B6G+D8Net)*100),S14_S15,Households; non-profit institutions serving households,SI,Slovenia,2018,,13.58,,,,,
dataflow,ESTAT:TEC00131(1.0),Household saving rate,A,Annual,PC,Percentage,SRG_S14_S15,Gross household saving rate (B8G/(B6G+D8Net)*100),S14_S15,Households; non-profit institutions serving households,SI,Slovenia,2019,,13.43,,,,,
dataflow,ESTAT:TEC00131(1.0),Household saving rate,A,Annual,PC,Percentage,SRG_S14_S15,Gross household saving rate (B8G/(B6G+D8Net)*100),S14_S15,Households; non-profit institutions serving households,SI,Slovenia,2020,,22.56,,,,,
dataflow,ESTAT:TEC00131(1.0),Household saving rate,A,Annual,PC,Percentage,SRG_S14_S15,Gross household saving rate (B8G/(B6G+D8Net)*100),S14_S15,Households; non-profit institutions serving households,SI,Slovenia,2021,,16.98,,,,,
dataflow,ESTAT:TEC00131(1.0),Household saving rate,A,Annual,PC,Percentage,SRG_S14_S15,Gross household saving rate (B8G/(B6G+D8Net)*100),S14_S15,Households; non-profit institutions serving households,SI,Slovenia,2022,,13.95,,,,,
dataflow,ESTAT:TEC00131(1.0),Household saving rate,A,Annual,PC,Percentage,SRG_S14_S15,Gross household saving rate (B8G/(B6G+D8Net)*100),S14_S15,Households; non-profit institutions serving households,SI,Slovenia,2023,,14.68,,,,,
dataflow,ESTAT:TEC00131(1.0),Household saving rate,A,Annual,PC,Percentage,SRG_S14_S15,Gross household saving rate (B8G/(B6G+D8Net)*100),S14_S15,Households; non-profit institutions serving households,SK,Slovakia,2013,,7.33,,,,,
dataflow,ESTAT:TEC00131(1.0),Household saving rate,A,Annual,PC,Percentage,SRG_S14_S15,Gross household saving rate (B8G/(B6G+D8Net)*100),S14_S15,Households; non-profit institutions serving households,SK,Slovakia,2014,,8.38,,,,,
dataflow,ESTAT:TEC00131(1.0),Household saving rate,A,Annual,PC,Percentage,SRG_S14_S15,Gross household saving rate (B8G/(B6G+D8Net)*100),S14_S15,Households; non-profit institutions serving households,SK,Slovakia,2015,,9.36,,,,,
dataflow,ESTAT:TEC00131(1.0),Household saving rate,A,Annual,PC,Percentage,SRG_S14_S15,Gross household saving rate (B8G/(B6G+D8Net)*100),S14_S15,Households; non-profit institutions serving households,SK,Slovakia,2016,,9.56,,,,,
dataflow,ESTAT:TEC00131(1.0),Household saving rate,A,Annual,PC,Percentage,SRG_S14_S15,Gross household saving rate (B8G/(B6G+D8Net)*100),S14_S15,Households; non-profit institutions serving households,SK,Slovakia,2017,,7.39,,,,,
dataflow,ESTAT:TEC00131(1.0),Household saving rate,A,Annual,PC,Percentage,SRG_S14_S15,Gross household saving rate (B8G/(B6G+D8Net)*100),S14_S15,Households; non-profit institutions serving households,SK,Slovakia,2018,,10.24,,,,,
dataflow,ESTAT:TEC00131(1.0),Household saving rate,A,Annual,PC,Percentage,SRG_S14_S15,Gross household saving rate (B8G/(B6G+D8Net)*100),S14_S15,Households; non-profit institutions serving households,SK,Slovakia,2019,,9.76,,,,,
dataflow,ESTAT:TEC00131(1.0),Household saving rate,A,Annual,PC,Percentage,SRG_S14_S15,Gross household saving rate (B8G/(B6G+D8Net)*100),S14_S15,Households; non-profit institutions serving households,SK,Slovakia,2020,,11.70,,,,,
dataflow,ESTAT:TEC00131(1.0),Household saving rate,A,Annual,PC,Percentage,SRG_S14_S15,Gross household saving rate (B8G/(B6G+D8Net)*100),S14_S15,Households; non-profit institutions serving households,SK,Slovakia,2021,,11.39,,,,,
dataflow,ESTAT:TEC00131(1.0),Household saving rate,A,Annual,PC,Percentage,SRG_S14_S15,Gross household saving rate (B8G/(B6G+D8Net)*100),S14_S15,Households; non-profit institutions serving households,SK,Slovakia,2022,,6.02,,,,,
dataflow,ESTAT:TEC00131(1.0),Household saving rate,A,Annual,PC,Percentage,SRG_S14_S15,Gross household saving rate (B8G/(B6G+D8Net)*100),S14_S15,Households; non-profit institutions serving households,SK,Slovakia,2023,,7.67,,,,,
dataflow,ESTAT:TEC00131(1.0),Household saving rate,A,Annual,PC,Percentage,SRG_S14_S15,Gross household saving rate (B8G/(B6G+D8Net)*100),S14_S15,Households; non-profit institutions serving households,TR,Trkiye,2013,,11.80,,p,provisional,,
dataflow,ESTAT:TEC00131(1.0),Household saving rate,A,Annual,PC,Percentage,SRG_S14_S15,Gross household saving rate (B8G/(B6G+D8Net)*100),S14_S15,Households; non-profit institutions serving households,TR,Trkiye,2014,,13.28,,p,provisional,,
dataflow,ESTAT:TEC00131(1.0),Household saving rate,A,Annual,PC,Percentage,SRG_S14_S15,Gross household saving rate (B8G/(B6G+D8Net)*100),S14_S15,Households; non-profit institutions serving households,TR,Trkiye,2015,,13.68,,p,provisional,,
dataflow,ESTAT:TEC00131(1.0),Household saving rate,A,Annual,PC,Percentage,SRG_S14_S15,Gross household saving rate (B8G/(B6G+D8Net)*100),S14_S15,Households; non-profit institutions serving households,TR,Trkiye,2016,,14.04,,p,provisional,,
dataflow,ESTAT:TEC00131(1.0),Household saving rate,A,Annual,PC,Percentage,SRG_S14_S15,Gross household saving rate (B8G/(B6G+D8Net)*100),S14_S15,Households; non-profit institutions serving households,TR,Trkiye,2017,,15.43,,p,provisional,,
dataflow,ESTAT:TEC00131(1.0),Household saving rate,A,Annual,PC,Percentage,SRG_S14_S15,Gross household saving rate (B8G/(B6G+D8Net)*100),S14_S15,Households; non-profit institutions serving households,TR,Trkiye,2018,,14.40,,p,provisional,,
dataflow,ESTAT:TEC00131(1.0),Household saving rate,A,Annual,PC,Percentage,SRG_S14_S15,Gross household saving rate (B8G/(B6G+D8Net)*100),S14_S15,Households; non-profit institutions serving households,TR,Trkiye,2019,,12.60,,p,provisional,,
dataflow,ESTAT:TEC00131(1.0),Household saving rate,A,Annual,PC,Percentage,SRG_S14_S15,Gross household saving rate (B8G/(B6G+D8Net)*100),S14_S15,Households; non-profit institutions serving households,TR,Trkiye,2020,,11.36,,p,provisional,,
dataflow,ESTAT:TEC00131(1.0),Household saving rate,A,Annual,PC,Percentage,SRG_S14_S15,Gross household saving rate (B8G/(B6G+D8Net)*100),S14_S15,Households; non-profit institutions serving households,TR,Trkiye,2021,,11.55,,p,provisional,,
dataflow,ESTAT:TEC00131(1.0),Household saving rate,A,Annual,PC,Percentage,SRG_S14_S15,Gross household saving rate (B8G/(B6G+D8Net)*100),S14_S15,Households; non-profit institutions serving households,TR,Trkiye,2022,,10.50,,p,provisional,,
dataflow,ESTAT:TEC00131(1.0),Household saving rate,A,Annual,PC,Percentage,SRG_S14_S15,Gross household saving rate (B8G/(B6G+D8Net)*100),S14_S15,Households; non-profit institutions serving households,TR,Trkiye,2023,,9.13,,p,provisional,,
dataflow,ESTAT:TEC00131(1.0),Household saving rate,A,Annual,PC,Percentage,SRG_S14_S15,Gross household saving rate (B8G/(B6G+D8Net)*100),S14_S15,Households; non-profit institutions serving households,UK,United Kingdom,2013,,8.52,,,,,
dataflow,ESTAT:TEC00131(1.0),Household saving rate,A,Annual,PC,Percentage,SRG_S14_S15,Gross household saving rate (B8G/(B6G+D8Net)*100),S14_S15,Households; non-profit institutions serving households,UK,United Kingdom,2014,,9.01,,,,,
dataflow,ESTAT:TEC00131(1.0),Household saving rate,A,Annual,PC,Percentage,SRG_S14_S15,Gross household saving rate (B8G/(B6G+D8Net)*100),S14_S15,Households; non-profit institutions serving households,UK,United Kingdom,2015,,10.10,,,,,
dataflow,ESTAT:TEC00131(1.0),Household saving rate,A,Annual,PC,Percentage,SRG_S14_S15,Gross household saving rate (B8G/(B6G+D8Net)*100),S14_S15,Households; non-profit institutions serving households,UK,United Kingdom,2016,,7.63,,,,,
dataflow,ESTAT:TEC00131(1.0),Household saving rate,A,Annual,PC,Percentage,SRG_S14_S15,Gross household saving rate (B8G/(B6G+D8Net)*100),S14_S15,Households; non-profit institutions serving households,UK,United Kingdom,2017,,5.70,,,,,
dataflow,ESTAT:TEC00131(1.0),Household saving rate,A,Annual,PC,Percentage,SRG_S14_S15,Gross household saving rate (B8G/(B6G+D8Net)*100),S14_S15,Households; non-profit institutions serving households,UK,United Kingdom,2018,,6.11,,,,,
dataflow,ESTAT:TEC00131(1.0),Household saving rate,A,Annual,PC,Percentage,SRG_S14_S15,Gross household saving rate (B8G/(B6G+D8Net)*100),S14_S15,Households; non-profit institutions serving households,UK,United Kingdom,2019,,6.51,,,,,
